[LOG] system_create                            : Header version = 2.03.07. Current version = 2.03.07.
[LOG] Manager::init                            : maxchannels = 256 studioflags = 00000006 flags 00000000 extradriverdata 0000000000000000.
[LOG] SystemI::init                            : Initialize version=20307 (150747), maxchannels=256, flags=0x00020000
[LOG] SystemI::setOutputInternal               : Setting output to 'FMOD WASAPI Output'
[LOG] OutputWASAPI::init                       : Mix Format (WAVEFORMATEX): wFormatTag=0xFFFE, nChannels=2, nSamplesPerSec=48000, nAvgBytesPerSec=384000, nBlockAlign=8, wBitsPerSample=32, cbSize=22.
[LOG] OutputWASAPI::init                       : Mix Format (WAVEFORMATEXTENSIBLE): wValidBitsPerSample=32, dwChannelMask=0x00000003, SubFormat=00000003-0000-0010-8000-00AA00389B71.
[LOG] OutputWASAPI::init                       : Output buffer size: 2048 samples, latency: 0.00ms, period: 10.00ms, DSP buffer: 512 * 4
[LOG] Thread::initThread                       : Init FMOD stream thread. Affinity: 0x4000000000000003, Priority: 0xFFFF7FFB, Stack Size: 98304, Semaphore: No, Sleep Time: 10, Looping: Yes.
[LOG] SystemI::DSPCodecPoolRegister            : register codec pool for pool type 0
[LOG] Thread::initThread                       : Init FMOD mixer thread. Affinity: 0x4000000000000001, Priority: 0xFFFF7FFA, Stack Size: 81920, Semaphore: No, Sleep Time: 0, Looping: Yes.
[LOG] AsyncManager::init                       : manager 000002430E9EF328 isAsync 0 updatePeriod 0.02
[LOG] AsyncManager::init                       : done
[LOG] PlaybackSystem::init                     : 
[LOG] Thread::initThread                       : Init FMOD Studio sample load thread. Affinity: 0x4000000000000003, Priority: 0xFFFF7FFD, Stack Size: 98304, Semaphore: No, Sleep Time: 1, Looping: No.
[LOG] PlaybackSystem::init                     : done
[LOG] Thread::initThread                       : Init FMOD Studio bank load thread. Affinity: 0x4000000000000003, Priority: 0xFFFF7FFD, Stack Size: 98304, Semaphore: No, Sleep Time: 1, Looping: No.
[LOG] Manager::init                            : done.
[LOG] BankLoader::serializeBank                : fileversion = 146, compatVersion = 146 (oldest = 44, newest = 146)
[LOG] BankLoader::serializeBank                : fileversion = 146, compatVersion = 146 (oldest = 44, newest = 146)
[LOG] BankLoader::serializeBank                : fileversion = 146, compatVersion = 146 (oldest = 44, newest = 146)
[LOG] PlaybackSystem::acquireMasterBus         : Setting master channel group format to 6
[LOG] BankLoader::serializeBank                : fileversion = 146, compatVersion = 146 (oldest = 44, newest = 146)
[LOG] BankLoader::serializeBank                : fileversion = 146, compatVersion = 146 (oldest = 44, newest = 146)
[LOG] SystemI::createSoundInternal             : Create name='', mode=0x02000202
[LOG] SystemI::createSoundInternal             : exinfo->cbsize             = 224
[LOG] SystemI::createSoundInternal             : exinfo->length             = 21214080
[LOG] SystemI::createSoundInternal             : exinfo->fileoffset         = 177728
[LOG] SystemI::createSoundInternal             : exinfo->numsubsounds       = 1
[LOG] SystemI::createSoundInternal             : exinfo->inclusionlist      = 000000C9C5FAF178
[LOG] SystemI::createSoundInternal             : exinfo->inclusionlistnum   = 1
[LOG] SystemI::createSoundInternal             : exinfo->suggestedsoundtype = 5
[LOG] SystemI::createSoundInternal             : exinfo->useropen           = 00007FF9AD09D3E0
[LOG] SystemI::createSoundInternal             : exinfo->userclose          = 00007FF9AD09D3A0
[LOG] SystemI::createSoundInternal             : exinfo->userread           = 00007FF9AD09D4C0
[LOG] SystemI::createSoundInternal             : exinfo->userseek           = 00007FF9AD09D580
[LOG] SystemI::createSoundInternal             : exinfo->fileuserdata       = 000002434A111078
[LOG] SystemI::createSoundInternal             : exinfo->initialseekpostype = 1
[LOG] SystemI::DSPCodecPoolRegister            : register codec pool for pool type 4
[LOG] SystemI::createSoundInternal             : Sample 0/1: name='SlimeGrowl-002', format=5, channels=2, frequency=48000, lengthbytes=35648, lengthpcm=147145, pcmblocksize=0, loopstart=0, loopend=0, mode=0x00000000, channelmask=0x00000000, channelorder=0, peakvolume=0.250832.
[LOG] SystemI::createSoundInternal             : Create name='', mode=0x02000202
[LOG] SystemI::createSoundInternal             : exinfo->cbsize             = 224
[LOG] SystemI::createSoundInternal             : exinfo->length             = 21214080
[LOG] SystemI::createSoundInternal             : exinfo->fileoffset         = 177728
[LOG] SystemI::createSoundInternal             : exinfo->numsubsounds       = 1
[LOG] SystemI::createSoundInternal             : exinfo->inclusionlist      = 000000C9C5FAF178
[LOG] SystemI::createSoundInternal             : exinfo->inclusionlistnum   = 1
[LOG] SystemI::createSoundInternal             : exinfo->suggestedsoundtype = 5
[LOG] SystemI::createSoundInternal             : exinfo->useropen           = 00007FF9AD09D3E0
[LOG] SystemI::createSoundInternal             : exinfo->userclose          = 00007FF9AD09D3A0
[LOG] SystemI::createSoundInternal             : exinfo->userread           = 00007FF9AD09D4C0
[LOG] SystemI::createSoundInternal             : exinfo->userseek           = 00007FF9AD09D580
[LOG] SystemI::createSoundInternal             : exinfo->fileuserdata       = 000002434A111078
[LOG] SystemI::createSoundInternal             : exinfo->initialseekpostype = 1
[LOG] SystemI::DSPCodecPoolRegister            : register codec pool for pool type 4
[LOG] SystemI::createSoundInternal             : Sample 0/1: name='FoxSound-009', format=5, channels=2, frequency=48000, lengthbytes=16800, lengthpcm=111143, pcmblocksize=0, loopstart=0, loopend=0, mode=0x00000000, channelmask=0x00000000, channelorder=0, peakvolume=0.250551.
[LOG] SystemI::createSoundInternal             : Create name='', mode=0x02000202
[LOG] SystemI::createSoundInternal             : exinfo->cbsize             = 224
[LOG] SystemI::createSoundInternal             : exinfo->length             = 21214080
[LOG] SystemI::createSoundInternal             : exinfo->fileoffset         = 177728
[LOG] SystemI::createSoundInternal             : exinfo->numsubsounds       = 1
[LOG] SystemI::createSoundInternal             : exinfo->inclusionlist      = 000000C9C5FAF178
[LOG] SystemI::createSoundInternal             : exinfo->inclusionlistnum   = 1
[LOG] SystemI::createSoundInternal             : exinfo->suggestedsoundtype = 5
[LOG] SystemI::createSoundInternal             : exinfo->useropen           = 00007FF9AD09D3E0
[LOG] SystemI::createSoundInternal             : exinfo->userclose          = 00007FF9AD09D3A0
[LOG] SystemI::createSoundInternal             : exinfo->userread           = 00007FF9AD09D4C0
[LOG] SystemI::createSoundInternal             : exinfo->userseek           = 00007FF9AD09D580
[LOG] SystemI::createSoundInternal             : exinfo->fileuserdata       = 000002434A111078
[LOG] SystemI::createSoundInternal             : exinfo->initialseekpostype = 1
[LOG] SystemI::DSPCodecPoolRegister            : register codec pool for pool type 4
[LOG] SystemI::createSoundInternal             : Sample 0/1: name='FoxSound-002', format=5, channels=2, frequency=48000, lengthbytes=11136, lengthpcm=78912, pcmblocksize=0, loopstart=0, loopend=0, mode=0x00000000, channelmask=0x00000000, channelorder=0, peakvolume=0.251189.
[LOG] SystemI::createSoundInternal             : Create name='', mode=0x02000202
[LOG] SystemI::createSoundInternal             : exinfo->cbsize             = 224
[LOG] SystemI::createSoundInternal             : exinfo->length             = 21214080
[LOG] SystemI::createSoundInternal             : exinfo->fileoffset         = 177728
[LOG] SystemI::createSoundInternal             : exinfo->numsubsounds       = 1
[LOG] SystemI::createSoundInternal             : exinfo->inclusionlist      = 000000C9C5FAF178
[LOG] SystemI::createSoundInternal             : exinfo->inclusionlistnum   = 1
[LOG] SystemI::createSoundInternal             : exinfo->suggestedsoundtype = 5
[LOG] SystemI::createSoundInternal             : exinfo->useropen           = 00007FF9AD09D3E0
[LOG] SystemI::createSoundInternal             : exinfo->userclose          = 00007FF9AD09D3A0
[LOG] SystemI::createSoundInternal             : exinfo->userread           = 00007FF9AD09D4C0
[LOG] SystemI::createSoundInternal             : exinfo->userseek           = 00007FF9AD09D580
[LOG] SystemI::createSoundInternal             : exinfo->fileuserdata       = 000002434A111078
[LOG] SystemI::createSoundInternal             : exinfo->initialseekpostype = 1
[LOG] SystemI::DSPCodecPoolRegister            : register codec pool for pool type 4
[LOG] SystemI::createSoundInternal             : Sample 0/1: name='FoxSound-006', format=5, channels=2, frequency=48000, lengthbytes=13504, lengthpcm=101140, pcmblocksize=0, loopstart=0, loopend=0, mode=0x00000000, channelmask=0x00000000, channelorder=0, peakvolume=0.251188.
[LOG] SystemI::createSoundInternal             : Create name='', mode=0x02000202
[LOG] SystemI::createSoundInternal             : exinfo->cbsize             = 224
[LOG] SystemI::createSoundInternal             : exinfo->length             = 21214080
[LOG] SystemI::createSoundInternal             : exinfo->fileoffset         = 177728
[LOG] SystemI::createSoundInternal             : exinfo->numsubsounds       = 1
[LOG] SystemI::createSoundInternal             : exinfo->inclusionlist      = 000000C9C5FAF178
[LOG] SystemI::createSoundInternal             : exinfo->inclusionlistnum   = 1
[LOG] SystemI::createSoundInternal             : exinfo->suggestedsoundtype = 5
[LOG] SystemI::createSoundInternal             : exinfo->useropen           = 00007FF9AD09D3E0
[LOG] SystemI::createSoundInternal             : exinfo->userclose          = 00007FF9AD09D3A0
[LOG] SystemI::createSoundInternal             : exinfo->userread           = 00007FF9AD09D4C0
[LOG] SystemI::createSoundInternal             : exinfo->userseek           = 00007FF9AD09D580
[LOG] SystemI::createSoundInternal             : exinfo->fileuserdata       = 000002434A111078
[LOG] SystemI::createSoundInternal             : exinfo->initialseekpostype = 1
[LOG] SystemI::DSPCodecPoolRegister            : register codec pool for pool type 4
[LOG] SystemI::createSoundInternal             : Sample 0/1: name='FoxSound-005', format=5, channels=2, frequency=48000, lengthbytes=14560, lengthpcm=108920, pcmblocksize=0, loopstart=0, loopend=0, mode=0x00000000, channelmask=0x00000000, channelorder=0, peakvolume=0.251189.
[LOG] SystemI::createSoundInternal             : Create name='', mode=0x02000202
[LOG] SystemI::createSoundInternal             : exinfo->cbsize             = 224
[LOG] SystemI::createSoundInternal             : exinfo->length             = 21214080
[LOG] SystemI::createSoundInternal             : exinfo->fileoffset         = 177728
[LOG] SystemI::createSoundInternal             : exinfo->numsubsounds       = 1
[LOG] SystemI::createSoundInternal             : exinfo->inclusionlist      = 000000C9C5FAF178
[LOG] SystemI::createSoundInternal             : exinfo->inclusionlistnum   = 1
[LOG] SystemI::createSoundInternal             : exinfo->suggestedsoundtype = 5
[LOG] SystemI::createSoundInternal             : exinfo->useropen           = 00007FF9AD09D3E0
[LOG] SystemI::createSoundInternal             : exinfo->userclose          = 00007FF9AD09D3A0
[LOG] SystemI::createSoundInternal             : exinfo->userread           = 00007FF9AD09D4C0
[LOG] SystemI::createSoundInternal             : exinfo->userseek           = 00007FF9AD09D580
[LOG] SystemI::createSoundInternal             : exinfo->fileuserdata       = 000002434A111078
[LOG] SystemI::createSoundInternal             : exinfo->initialseekpostype = 1
[LOG] SystemI::DSPCodecPoolRegister            : register codec pool for pool type 4
[LOG] SystemI::createSoundInternal             : Sample 0/1: name='FoxSound-001', format=5, channels=2, frequency=48000, lengthbytes=8192, lengthpcm=77800, pcmblocksize=0, loopstart=0, loopend=0, mode=0x00000000, channelmask=0x00000000, channelorder=0, peakvolume=0.251189.
[LOG] SystemI::createSoundInternal             : Create name='', mode=0x02000202
[LOG] SystemI::createSoundInternal             : exinfo->cbsize             = 224
[LOG] SystemI::createSoundInternal             : exinfo->length             = 21214080
[LOG] SystemI::createSoundInternal             : exinfo->fileoffset         = 177728
[LOG] SystemI::createSoundInternal             : exinfo->numsubsounds       = 1
[LOG] SystemI::createSoundInternal             : exinfo->inclusionlist      = 000000C9C5FAF178
[LOG] SystemI::createSoundInternal             : exinfo->inclusionlistnum   = 1
[LOG] SystemI::createSoundInternal             : exinfo->suggestedsoundtype = 5
[LOG] SystemI::createSoundInternal             : exinfo->useropen           = 00007FF9AD09D3E0
[LOG] SystemI::createSoundInternal             : exinfo->userclose          = 00007FF9AD09D3A0
[LOG] SystemI::createSoundInternal             : exinfo->userread           = 00007FF9AD09D4C0
[LOG] SystemI::createSoundInternal             : exinfo->userseek           = 00007FF9AD09D580
[LOG] SystemI::createSoundInternal             : exinfo->fileuserdata       = 000002434A111078
[LOG] SystemI::createSoundInternal             : exinfo->initialseekpostype = 1
[LOG] SystemI::DSPCodecPoolRegister            : register codec pool for pool type 4
[LOG] SystemI::createSoundInternal             : Sample 0/1: name='FoxSound-004', format=5, channels=2, frequency=48000, lengthbytes=17792, lengthpcm=98918, pcmblocksize=0, loopstart=0, loopend=0, mode=0x00000000, channelmask=0x00000000, channelorder=0, peakvolume=0.251108.
[LOG] SystemI::createSoundInternal             : Create name='', mode=0x02000202
[LOG] SystemI::createSoundInternal             : exinfo->cbsize             = 224
[LOG] SystemI::createSoundInternal             : exinfo->length             = 21214080
[LOG] SystemI::createSoundInternal             : exinfo->fileoffset         = 177728
[LOG] SystemI::createSoundInternal             : exinfo->numsubsounds       = 1
[LOG] SystemI::createSoundInternal             : exinfo->inclusionlist      = 000000C9C5FAF178
[LOG] SystemI::createSoundInternal             : exinfo->inclusionlistnum   = 1
[LOG] SystemI::createSoundInternal             : exinfo->suggestedsoundtype = 5
[LOG] SystemI::createSoundInternal             : exinfo->useropen           = 00007FF9AD09D3E0
[LOG] SystemI::createSoundInternal             : exinfo->userclose          = 00007FF9AD09D3A0
[LOG] SystemI::createSoundInternal             : exinfo->userread           = 00007FF9AD09D4C0
[LOG] SystemI::createSoundInternal             : exinfo->userseek           = 00007FF9AD09D580
[LOG] SystemI::createSoundInternal             : exinfo->fileuserdata       = 000002434A111078
[LOG] SystemI::createSoundInternal             : exinfo->initialseekpostype = 1
[LOG] SystemI::DSPCodecPoolRegister            : register codec pool for pool type 4
[LOG] SystemI::createSoundInternal             : Sample 0/1: name='SlimeGrowl-001', format=5, channels=2, frequency=48000, lengthbytes=31456, lengthpcm=138003, pcmblocksize=0, loopstart=0, loopend=0, mode=0x00000000, channelmask=0x00000000, channelorder=0, peakvolume=0.251189.
[LOG] SystemI::createSoundInternal             : Create name='', mode=0x02000202
[LOG] SystemI::createSoundInternal             : exinfo->cbsize             = 224
[LOG] SystemI::createSoundInternal             : exinfo->length             = 21214080
[LOG] SystemI::createSoundInternal             : exinfo->fileoffset         = 177728
[LOG] SystemI::createSoundInternal             : exinfo->numsubsounds       = 1
[LOG] SystemI::createSoundInternal             : exinfo->inclusionlist      = 000000C9C5FAF178
[LOG] SystemI::createSoundInternal             : exinfo->inclusionlistnum   = 1
[LOG] SystemI::createSoundInternal             : exinfo->suggestedsoundtype = 5
[LOG] SystemI::createSoundInternal             : exinfo->useropen           = 00007FF9AD09D3E0
[LOG] SystemI::createSoundInternal             : exinfo->userclose          = 00007FF9AD09D3A0
[LOG] SystemI::createSoundInternal             : exinfo->userread           = 00007FF9AD09D4C0
[LOG] SystemI::createSoundInternal             : exinfo->userseek           = 00007FF9AD09D580
[LOG] SystemI::createSoundInternal             : exinfo->fileuserdata       = 000002434A111078
[LOG] SystemI::createSoundInternal             : exinfo->initialseekpostype = 1
[LOG] SystemI::DSPCodecPoolRegister            : register codec pool for pool type 4
[LOG] SystemI::createSoundInternal             : Sample 0/1: name='FoxSound-008', format=5, channels=2, frequency=48000, lengthbytes=13696, lengthpcm=81135, pcmblocksize=0, loopstart=0, loopend=0, mode=0x00000000, channelmask=0x00000000, channelorder=0, peakvolume=0.251189.
[LOG] SystemI::createSoundInternal             : Create name='', mode=0x02000202
[LOG] SystemI::createSoundInternal             : exinfo->cbsize             = 224
[LOG] SystemI::createSoundInternal             : exinfo->length             = 21214080
[LOG] SystemI::createSoundInternal             : exinfo->fileoffset         = 177728
[LOG] SystemI::createSoundInternal             : exinfo->numsubsounds       = 1
[LOG] SystemI::createSoundInternal             : exinfo->inclusionlist      = 000000C9C5FAF178
[LOG] SystemI::createSoundInternal             : exinfo->inclusionlistnum   = 1
[LOG] SystemI::createSoundInternal             : exinfo->suggestedsoundtype = 5
[LOG] SystemI::createSoundInternal             : exinfo->useropen           = 00007FF9AD09D3E0
[LOG] SystemI::createSoundInternal             : exinfo->userclose          = 00007FF9AD09D3A0
[LOG] SystemI::createSoundInternal             : exinfo->userread           = 00007FF9AD09D4C0
[LOG] SystemI::createSoundInternal             : exinfo->userseek           = 00007FF9AD09D580
[LOG] SystemI::createSoundInternal             : exinfo->fileuserdata       = 000002434A111078
[LOG] SystemI::createSoundInternal             : exinfo->initialseekpostype = 1
[LOG] SystemI::DSPCodecPoolRegister            : register codec pool for pool type 4
[LOG] SystemI::createSoundInternal             : Sample 0/1: name='FoxSound-003', format=5, channels=2, frequency=48000, lengthbytes=11232, lengthpcm=92249, pcmblocksize=0, loopstart=0, loopend=0, mode=0x00000000, channelmask=0x00000000, channelorder=0, peakvolume=0.251189.
[LOG] SystemI::createSoundInternal             : Create name='', mode=0x02000202
[LOG] SystemI::createSoundInternal             : exinfo->cbsize             = 224
[LOG] SystemI::createSoundInternal             : exinfo->length             = 21214080
[LOG] SystemI::createSoundInternal             : exinfo->fileoffset         = 177728
[LOG] SystemI::createSoundInternal             : exinfo->numsubsounds       = 1
[LOG] SystemI::createSoundInternal             : exinfo->inclusionlist      = 000000C9C5FAF178
[LOG] SystemI::createSoundInternal             : exinfo->inclusionlistnum   = 1
[LOG] SystemI::createSoundInternal             : exinfo->suggestedsoundtype = 5
[LOG] SystemI::createSoundInternal             : exinfo->useropen           = 00007FF9AD09D3E0
[LOG] SystemI::createSoundInternal             : exinfo->userclose          = 00007FF9AD09D3A0
[LOG] SystemI::createSoundInternal             : exinfo->userread           = 00007FF9AD09D4C0
[LOG] SystemI::createSoundInternal             : exinfo->userseek           = 00007FF9AD09D580
[LOG] SystemI::createSoundInternal             : exinfo->fileuserdata       = 000002434A111078
[LOG] SystemI::createSoundInternal             : exinfo->initialseekpostype = 1
[LOG] SystemI::DSPCodecPoolRegister            : register codec pool for pool type 4
[LOG] SystemI::createSoundInternal             : Sample 0/1: name='FoxSound-007', format=5, channels=2, frequency=48000, lengthbytes=12640, lengthpcm=91137, pcmblocksize=0, loopstart=0, loopend=0, mode=0x00000000, channelmask=0x00000000, channelorder=0, peakvolume=0.250020.
[LOG] SoundI::release                          : crow_distressed (000002415DCC99D8)
[LOG] SoundI::release                          :     crow_distressed (0000024406FADF58)
[LOG] SoundI::release                          :     crow_distressed (00000243F98FD468)
[LOG] SystemI::createSoundInternal             : Create name='', mode=0x02000202
[LOG] SystemI::createSoundInternal             : exinfo->cbsize             = 224
[LOG] SystemI::createSoundInternal             : exinfo->length             = 21214080
[LOG] SystemI::createSoundInternal             : exinfo->fileoffset         = 177728
[LOG] SystemI::createSoundInternal             : exinfo->numsubsounds       = 1
[LOG] SystemI::createSoundInternal             : exinfo->inclusionlist      = 000000C9C5FAF178
[LOG] SystemI::createSoundInternal             : exinfo->inclusionlistnum   = 1
[LOG] SystemI::createSoundInternal             : exinfo->suggestedsoundtype = 5
[LOG] SystemI::createSoundInternal             : exinfo->useropen           = 00007FF9AD09D3E0
[LOG] SystemI::createSoundInternal             : exinfo->userclose          = 00007FF9AD09D3A0
[LOG] SystemI::createSoundInternal             : exinfo->userread           = 00007FF9AD09D4C0
[LOG] SystemI::createSoundInternal             : exinfo->userseek           = 00007FF9AD09D580
[LOG] SystemI::createSoundInternal             : exinfo->fileuserdata       = 000002434A14C3E8
[LOG] SystemI::createSoundInternal             : exinfo->initialseekpostype = 1
[LOG] SystemI::DSPCodecPoolRegister            : register codec pool for pool type 4
[LOG] SystemI::createSoundInternal             : Sample 0/1: name='BO01 CC01D S - 01-59 - Full 13', format=5, channels=1, frequency=48000, lengthbytes=2912, lengthpcm=17372, pcmblocksize=0, loopstart=0, loopend=0, mode=0x00000000, channelmask=0x00000000, channelorder=0, peakvolume=0.141171.
[LOG] SystemI::createSoundInternal             : Create name='', mode=0x02000202
[LOG] SystemI::createSoundInternal             : exinfo->cbsize             = 224
[LOG] SystemI::createSoundInternal             : exinfo->length             = 21214080
[LOG] SystemI::createSoundInternal             : exinfo->fileoffset         = 177728
[LOG] SystemI::createSoundInternal             : exinfo->numsubsounds       = 1
[LOG] SystemI::createSoundInternal             : exinfo->inclusionlist      = 000000C9C5FAF178
[LOG] SystemI::createSoundInternal             : exinfo->inclusionlistnum   = 1
[LOG] SystemI::createSoundInternal             : exinfo->suggestedsoundtype = 5
[LOG] SystemI::createSoundInternal             : exinfo->useropen           = 00007FF9AD09D3E0
[LOG] SystemI::createSoundInternal             : exinfo->userclose          = 00007FF9AD09D3A0
[LOG] SystemI::createSoundInternal             : exinfo->userread           = 00007FF9AD09D4C0
[LOG] SystemI::createSoundInternal             : exinfo->userseek           = 00007FF9AD09D580
[LOG] SystemI::createSoundInternal             : exinfo->fileuserdata       = 000002434A14C3E8
[LOG] SystemI::createSoundInternal             : exinfo->initialseekpostype = 1
[LOG] SystemI::DSPCodecPoolRegister            : register codec pool for pool type 4
[LOG] SystemI::createSoundInternal             : Sample 0/1: name='B01 S01DS - 01-59 - Full 11', format=5, channels=1, frequency=48000, lengthbytes=1856, lengthpcm=9600, pcmblocksize=0, loopstart=0, loopend=0, mode=0x00000000, channelmask=0x00000000, channelorder=0, peakvolume=0.099632.
[LOG] SystemI::createSoundInternal             : Create name='', mode=0x02000202
[LOG] SystemI::createSoundInternal             : exinfo->cbsize             = 224
[LOG] SystemI::createSoundInternal             : exinfo->length             = 21214080
[LOG] SystemI::createSoundInternal             : exinfo->fileoffset         = 177728
[LOG] SystemI::createSoundInternal             : exinfo->numsubsounds       = 1
[LOG] SystemI::createSoundInternal             : exinfo->inclusionlist      = 000000C9C5FAF178
[LOG] SystemI::createSoundInternal             : exinfo->inclusionlistnum   = 1
[LOG] SystemI::createSoundInternal             : exinfo->suggestedsoundtype = 5
[LOG] SystemI::createSoundInternal             : exinfo->useropen           = 00007FF9AD09D3E0
[LOG] SystemI::createSoundInternal             : exinfo->userclose          = 00007FF9AD09D3A0
[LOG] SystemI::createSoundInternal             : exinfo->userread           = 00007FF9AD09D4C0
[LOG] SystemI::createSoundInternal             : exinfo->userseek           = 00007FF9AD09D580
[LOG] SystemI::createSoundInternal             : exinfo->fileuserdata       = 000002434A14C3E8
[LOG] SystemI::createSoundInternal             : exinfo->initialseekpostype = 1
[LOG] SystemI::DSPCodecPoolRegister            : register codec pool for pool type 4
[LOG] SystemI::createSoundInternal             : Sample 0/1: name='FootstepsForest-006', format=5, channels=2, frequency=48000, lengthbytes=3232, lengthpcm=24351, pcmblocksize=0, loopstart=0, loopend=0, mode=0x00000000, channelmask=0x00000000, channelorder=0, peakvolume=0.224381.
[LOG] SystemI::createSoundInternal             : Create name='', mode=0x02000202
[LOG] SystemI::createSoundInternal             : exinfo->cbsize             = 224
[LOG] SystemI::createSoundInternal             : exinfo->length             = 21214080
[LOG] SystemI::createSoundInternal             : exinfo->fileoffset         = 177728
[LOG] SystemI::createSoundInternal             : exinfo->numsubsounds       = 1
[LOG] SystemI::createSoundInternal             : exinfo->inclusionlist      = 000000C9C5FAF178
[LOG] SystemI::createSoundInternal             : exinfo->inclusionlistnum   = 1
[LOG] SystemI::createSoundInternal             : exinfo->suggestedsoundtype = 5
[LOG] SystemI::createSoundInternal             : exinfo->useropen           = 00007FF9AD09D3E0
[LOG] SystemI::createSoundInternal             : exinfo->userclose          = 00007FF9AD09D3A0
[LOG] SystemI::createSoundInternal             : exinfo->userread           = 00007FF9AD09D4C0
[LOG] SystemI::createSoundInternal             : exinfo->userseek           = 00007FF9AD09D580
[LOG] SystemI::createSoundInternal             : exinfo->fileuserdata       = 000002434A14C3E8
[LOG] SystemI::createSoundInternal             : exinfo->initialseekpostype = 1
[LOG] SystemI::DSPCodecPoolRegister            : register codec pool for pool type 4
[LOG] SystemI::createSoundInternal             : Sample 0/1: name='FootstepsForest-001', format=5, channels=2, frequency=48000, lengthbytes=3168, lengthpcm=21643, pcmblocksize=0, loopstart=0, loopend=0, mode=0x00000000, channelmask=0x00000000, channelorder=0, peakvolume=0.248337.
[LOG] SystemI::createSoundInternal             : Create name='', mode=0x02000202
[LOG] SystemI::createSoundInternal             : exinfo->cbsize             = 224
[LOG] SystemI::createSoundInternal             : exinfo->length             = 21214080
[LOG] SystemI::createSoundInternal             : exinfo->fileoffset         = 177728
[LOG] SystemI::createSoundInternal             : exinfo->numsubsounds       = 1
[LOG] SystemI::createSoundInternal             : exinfo->inclusionlist      = 000000C9C5FAF178
[LOG] SystemI::createSoundInternal             : exinfo->inclusionlistnum   = 1
[LOG] SystemI::createSoundInternal             : exinfo->suggestedsoundtype = 5
[LOG] SystemI::createSoundInternal             : exinfo->useropen           = 00007FF9AD09D3E0
[LOG] SystemI::createSoundInternal             : exinfo->userclose          = 00007FF9AD09D3A0
[LOG] SystemI::createSoundInternal             : exinfo->userread           = 00007FF9AD09D4C0
[LOG] SystemI::createSoundInternal             : exinfo->userseek           = 00007FF9AD09D580
[LOG] SystemI::createSoundInternal             : exinfo->fileuserdata       = 000002434A14C3E8
[LOG] SystemI::createSoundInternal             : exinfo->initialseekpostype = 1
[LOG] SystemI::DSPCodecPoolRegister            : register codec pool for pool type 4
[LOG] SystemI::createSoundInternal             : Sample 0/1: name='BO01 WP01DS - 01-59 - Full 08', format=5, channels=1, frequency=48000, lengthbytes=2816, lengthpcm=17458, pcmblocksize=0, loopstart=0, loopend=0, mode=0x00000000, channelmask=0x00000000, channelorder=0, peakvolume=0.304525.
[LOG] SystemI::createSoundInternal             : Create name='', mode=0x02000202
[LOG] SystemI::createSoundInternal             : exinfo->cbsize             = 224
[LOG] SystemI::createSoundInternal             : exinfo->length             = 21214080
[LOG] SystemI::createSoundInternal             : exinfo->fileoffset         = 177728
[LOG] SystemI::createSoundInternal             : exinfo->numsubsounds       = 1
[LOG] SystemI::createSoundInternal             : exinfo->inclusionlist      = 000000C9C5FAF178
[LOG] SystemI::createSoundInternal             : exinfo->inclusionlistnum   = 1
[LOG] SystemI::createSoundInternal             : exinfo->suggestedsoundtype = 5
[LOG] SystemI::createSoundInternal             : exinfo->useropen           = 00007FF9AD09D3E0
[LOG] SystemI::createSoundInternal             : exinfo->userclose          = 00007FF9AD09D3A0
[LOG] SystemI::createSoundInternal             : exinfo->userread           = 00007FF9AD09D4C0
[LOG] SystemI::createSoundInternal             : exinfo->userseek           = 00007FF9AD09D580
[LOG] SystemI::createSoundInternal             : exinfo->fileuserdata       = 000002434A14C3E8
[LOG] SystemI::createSoundInternal             : exinfo->initialseekpostype = 1
[LOG] SystemI::DSPCodecPoolRegister            : register codec pool for pool type 4
[LOG] SystemI::createSoundInternal             : Sample 0/1: name='B01 S01DS - 01-59 - Full 17', format=5, channels=1, frequency=48000, lengthbytes=2240, lengthpcm=12512, pcmblocksize=0, loopstart=0, loopend=0, mode=0x00000000, channelmask=0x00000000, channelorder=0, peakvolume=0.167105.
[LOG] SystemI::createSoundInternal             : Create name='', mode=0x02000202
[LOG] SystemI::createSoundInternal             : exinfo->cbsize             = 224
[LOG] SystemI::createSoundInternal             : exinfo->length             = 21214080
[LOG] SystemI::createSoundInternal             : exinfo->fileoffset         = 177728
[LOG] SystemI::createSoundInternal             : exinfo->numsubsounds       = 1
[LOG] SystemI::createSoundInternal             : exinfo->inclusionlist      = 000000C9C5FAF178
[LOG] SystemI::createSoundInternal             : exinfo->inclusionlistnum   = 1
[LOG] SystemI::createSoundInternal             : exinfo->suggestedsoundtype = 5
[LOG] SystemI::createSoundInternal             : exinfo->useropen           = 00007FF9AD09D3E0
[LOG] SystemI::createSoundInternal             : exinfo->userclose          = 00007FF9AD09D3A0
[LOG] SystemI::createSoundInternal             : exinfo->userread           = 00007FF9AD09D4C0
[LOG] SystemI::createSoundInternal             : exinfo->userseek           = 00007FF9AD09D580
[LOG] SystemI::createSoundInternal             : exinfo->fileuserdata       = 000002434A14C3E8
[LOG] SystemI::createSoundInternal             : exinfo->initialseekpostype = 1
[LOG] SystemI::DSPCodecPoolRegister            : register codec pool for pool type 4
[LOG] SystemI::createSoundInternal             : Sample 0/1: name='B01 S01DS - 01-59 - Full 07', format=5, channels=1, frequency=48000, lengthbytes=2208, lengthpcm=12841, pcmblocksize=0, loopstart=0, loopend=0, mode=0x00000000, channelmask=0x00000000, channelorder=0, peakvolume=0.128601.
[LOG] SystemI::createSoundInternal             : Create name='', mode=0x02000202
[LOG] SystemI::createSoundInternal             : exinfo->cbsize             = 224
[LOG] SystemI::createSoundInternal             : exinfo->length             = 21214080
[LOG] SystemI::createSoundInternal             : exinfo->fileoffset         = 177728
[LOG] SystemI::createSoundInternal             : exinfo->numsubsounds       = 1
[LOG] SystemI::createSoundInternal             : exinfo->inclusionlist      = 000000C9C5FAF178
[LOG] SystemI::createSoundInternal             : exinfo->inclusionlistnum   = 1
[LOG] SystemI::createSoundInternal             : exinfo->suggestedsoundtype = 5
[LOG] SystemI::createSoundInternal             : exinfo->useropen           = 00007FF9AD09D3E0
[LOG] SystemI::createSoundInternal             : exinfo->userclose          = 00007FF9AD09D3A0
[LOG] SystemI::createSoundInternal             : exinfo->userread           = 00007FF9AD09D4C0
[LOG] SystemI::createSoundInternal             : exinfo->userseek           = 00007FF9AD09D580
[LOG] SystemI::createSoundInternal             : exinfo->fileuserdata       = 000002434A14C3E8
[LOG] SystemI::createSoundInternal             : exinfo->initialseekpostype = 1
[LOG] SystemI::DSPCodecPoolRegister            : register codec pool for pool type 4
[LOG] SystemI::createSoundInternal             : Sample 0/1: name='BO01 CC01D S - 01-59 - Full 10', format=5, channels=1, frequency=48000, lengthbytes=2976, lengthpcm=17239, pcmblocksize=0, loopstart=0, loopend=0, mode=0x00000000, channelmask=0x00000000, channelorder=0, peakvolume=0.179168.
[LOG] SystemI::createSoundInternal             : Create name='', mode=0x02000202
[LOG] SystemI::createSoundInternal             : exinfo->cbsize             = 224
[LOG] SystemI::createSoundInternal             : exinfo->length             = 21214080
[LOG] SystemI::createSoundInternal             : exinfo->fileoffset         = 177728
[LOG] SystemI::createSoundInternal             : exinfo->numsubsounds       = 1
[LOG] SystemI::createSoundInternal             : exinfo->inclusionlist      = 000000C9C5FAF178
[LOG] SystemI::createSoundInternal             : exinfo->inclusionlistnum   = 1
[LOG] SystemI::createSoundInternal             : exinfo->suggestedsoundtype = 5
[LOG] SystemI::createSoundInternal             : exinfo->useropen           = 00007FF9AD09D3E0
[LOG] SystemI::createSoundInternal             : exinfo->userclose          = 00007FF9AD09D3A0
[LOG] SystemI::createSoundInternal             : exinfo->userread           = 00007FF9AD09D4C0
[LOG] SystemI::createSoundInternal             : exinfo->userseek           = 00007FF9AD09D580
[LOG] SystemI::createSoundInternal             : exinfo->fileuserdata       = 000002434A14C3E8
[LOG] SystemI::createSoundInternal             : exinfo->initialseekpostype = 1
[LOG] SystemI::DSPCodecPoolRegister            : register codec pool for pool type 4
[LOG] SystemI::createSoundInternal             : Sample 0/1: name='B01 S01DS - 01-59 - Full 18', format=5, channels=1, frequency=48000, lengthbytes=1952, lengthpcm=9984, pcmblocksize=0, loopstart=0, loopend=0, mode=0x00000000, channelmask=0x00000000, channelorder=0, peakvolume=0.242546.
[LOG] SystemI::createSoundInternal             : Create name='', mode=0x02000202
[LOG] SystemI::createSoundInternal             : exinfo->cbsize             = 224
[LOG] SystemI::createSoundInternal             : exinfo->length             = 21214080
[LOG] SystemI::createSoundInternal             : exinfo->fileoffset         = 177728
[LOG] SystemI::createSoundInternal             : exinfo->numsubsounds       = 1
[LOG] SystemI::createSoundInternal             : exinfo->inclusionlist      = 000000C9C5FAF178
[LOG] SystemI::createSoundInternal             : exinfo->inclusionlistnum   = 1
[LOG] SystemI::createSoundInternal             : exinfo->suggestedsoundtype = 5
[LOG] SystemI::createSoundInternal             : exinfo->useropen           = 00007FF9AD09D3E0
[LOG] SystemI::createSoundInternal             : exinfo->userclose          = 00007FF9AD09D3A0
[LOG] SystemI::createSoundInternal             : exinfo->userread           = 00007FF9AD09D4C0
[LOG] SystemI::createSoundInternal             : exinfo->userseek           = 00007FF9AD09D580
[LOG] SystemI::createSoundInternal             : exinfo->fileuserdata       = 000002434A14C3E8
[LOG] SystemI::createSoundInternal             : exinfo->initialseekpostype = 1
[LOG] SystemI::DSPCodecPoolRegister            : register codec pool for pool type 4
[LOG] SystemI::createSoundInternal             : Sample 0/1: name='BO01 CC01D S - 01-59 - Full 05', format=5, channels=1, frequency=48000, lengthbytes=2624, lengthpcm=16177, pcmblocksize=0, loopstart=0, loopend=0, mode=0x00000000, channelmask=0x00000000, channelorder=0, peakvolume=0.107757.
[LOG] SystemI::createSoundInternal             : Create name='', mode=0x02000202
[LOG] SystemI::createSoundInternal             : exinfo->cbsize             = 224
[LOG] SystemI::createSoundInternal             : exinfo->length             = 21214080
[LOG] SystemI::createSoundInternal             : exinfo->fileoffset         = 177728
[LOG] SystemI::createSoundInternal             : exinfo->numsubsounds       = 1
[LOG] SystemI::createSoundInternal             : exinfo->inclusionlist      = 000000C9C5FAF178
[LOG] SystemI::createSoundInternal             : exinfo->inclusionlistnum   = 1
[LOG] SystemI::createSoundInternal             : exinfo->suggestedsoundtype = 5
[LOG] SystemI::createSoundInternal             : exinfo->useropen           = 00007FF9AD09D3E0
[LOG] SystemI::createSoundInternal             : exinfo->userclose          = 00007FF9AD09D3A0
[LOG] SystemI::createSoundInternal             : exinfo->userread           = 00007FF9AD09D4C0
[LOG] SystemI::createSoundInternal             : exinfo->userseek           = 00007FF9AD09D580
[LOG] SystemI::createSoundInternal             : exinfo->fileuserdata       = 000002434A14C3E8
[LOG] SystemI::createSoundInternal             : exinfo->initialseekpostype = 1
[LOG] SystemI::DSPCodecPoolRegister            : register codec pool for pool type 4
[LOG] SystemI::createSoundInternal             : Sample 0/1: name='B01 S01DS - 01-59 - Full 09', format=5, channels=1, frequency=48000, lengthbytes=2496, lengthpcm=14124, pcmblocksize=0, loopstart=0, loopend=0, mode=0x00000000, channelmask=0x00000000, channelorder=0, peakvolume=0.122496.
[LOG] SystemI::createSoundInternal             : Create name='', mode=0x02000202
[LOG] SystemI::createSoundInternal             : exinfo->cbsize             = 224
[LOG] SystemI::createSoundInternal             : exinfo->length             = 21214080
[LOG] SystemI::createSoundInternal             : exinfo->fileoffset         = 177728
[LOG] SystemI::createSoundInternal             : exinfo->numsubsounds       = 1
[LOG] SystemI::createSoundInternal             : exinfo->inclusionlist      = 000000C9C5FAF178
[LOG] SystemI::createSoundInternal             : exinfo->inclusionlistnum   = 1
[LOG] SystemI::createSoundInternal             : exinfo->suggestedsoundtype = 5
[LOG] SystemI::createSoundInternal             : exinfo->useropen           = 00007FF9AD09D3E0
[LOG] SystemI::createSoundInternal             : exinfo->userclose          = 00007FF9AD09D3A0
[LOG] SystemI::createSoundInternal             : exinfo->userread           = 00007FF9AD09D4C0
[LOG] SystemI::createSoundInternal             : exinfo->userseek           = 00007FF9AD09D580
[LOG] SystemI::createSoundInternal             : exinfo->fileuserdata       = 000002434A14C3E8
[LOG] SystemI::createSoundInternal             : exinfo->initialseekpostype = 1
[LOG] SystemI::DSPCodecPoolRegister            : register codec pool for pool type 4
[LOG] SystemI::createSoundInternal             : Sample 0/1: name='BO01 WP01DS - 01-59 - Full 01', format=5, channels=1, frequency=48000, lengthbytes=3104, lengthpcm=20706, pcmblocksize=0, loopstart=0, loopend=0, mode=0x00000000, channelmask=0x00000000, channelorder=0, peakvolume=0.168959.
[LOG] SystemI::createSoundInternal             : Create name='', mode=0x02000202
[LOG] SystemI::createSoundInternal             : exinfo->cbsize             = 224
[LOG] SystemI::createSoundInternal             : exinfo->length             = 21214080
[LOG] SystemI::createSoundInternal             : exinfo->fileoffset         = 177728
[LOG] SystemI::createSoundInternal             : exinfo->numsubsounds       = 1
[LOG] SystemI::createSoundInternal             : exinfo->inclusionlist      = 000000C9C5FAF178
[LOG] SystemI::createSoundInternal             : exinfo->inclusionlistnum   = 1
[LOG] SystemI::createSoundInternal             : exinfo->suggestedsoundtype = 5
[LOG] SystemI::createSoundInternal             : exinfo->useropen           = 00007FF9AD09D3E0
[LOG] SystemI::createSoundInternal             : exinfo->userclose          = 00007FF9AD09D3A0
[LOG] SystemI::createSoundInternal             : exinfo->userread           = 00007FF9AD09D4C0
[LOG] SystemI::createSoundInternal             : exinfo->userseek           = 00007FF9AD09D580
[LOG] SystemI::createSoundInternal             : exinfo->fileuserdata       = 000002434A14C3E8
[LOG] SystemI::createSoundInternal             : exinfo->initialseekpostype = 1
[LOG] SystemI::DSPCodecPoolRegister            : register codec pool for pool type 4
[LOG] SystemI::createSoundInternal             : Sample 0/1: name='BO01 WP01DS - 01-59 - Full 06', format=5, channels=1, frequency=48000, lengthbytes=2176, lengthpcm=14196, pcmblocksize=0, loopstart=0, loopend=0, mode=0x00000000, channelmask=0x00000000, channelorder=0, peakvolume=0.115719.
[LOG] SystemI::createSoundInternal             : Create name='', mode=0x02000202
[LOG] SystemI::createSoundInternal             : exinfo->cbsize             = 224
[LOG] SystemI::createSoundInternal             : exinfo->length             = 21214080
[LOG] SystemI::createSoundInternal             : exinfo->fileoffset         = 177728
[LOG] SystemI::createSoundInternal             : exinfo->numsubsounds       = 1
[LOG] SystemI::createSoundInternal             : exinfo->inclusionlist      = 000000C9C5FAF178
[LOG] SystemI::createSoundInternal             : exinfo->inclusionlistnum   = 1
[LOG] SystemI::createSoundInternal             : exinfo->suggestedsoundtype = 5
[LOG] SystemI::createSoundInternal             : exinfo->useropen           = 00007FF9AD09D3E0
[LOG] SystemI::createSoundInternal             : exinfo->userclose          = 00007FF9AD09D3A0
[LOG] SystemI::createSoundInternal             : exinfo->userread           = 00007FF9AD09D4C0
[LOG] SystemI::createSoundInternal             : exinfo->userseek           = 00007FF9AD09D580
[LOG] SystemI::createSoundInternal             : exinfo->fileuserdata       = 000002434A14C3E8
[LOG] SystemI::createSoundInternal             : exinfo->initialseekpostype = 1
[LOG] SystemI::DSPCodecPoolRegister            : register codec pool for pool type 4
[LOG] SystemI::createSoundInternal             : Sample 0/1: name='FootstepsForest-013', format=5, channels=2, frequency=48000, lengthbytes=2656, lengthpcm=24917, pcmblocksize=0, loopstart=0, loopend=0, mode=0x00000000, channelmask=0x00000000, channelorder=0, peakvolume=0.248913.
[LOG] SystemI::createSoundInternal             : Create name='', mode=0x02000202
[LOG] SystemI::createSoundInternal             : exinfo->cbsize             = 224
[LOG] SystemI::createSoundInternal             : exinfo->length             = 21214080
[LOG] SystemI::createSoundInternal             : exinfo->fileoffset         = 177728
[LOG] SystemI::createSoundInternal             : exinfo->numsubsounds       = 1
[LOG] SystemI::createSoundInternal             : exinfo->inclusionlist      = 000000C9C5FAF178
[LOG] SystemI::createSoundInternal             : exinfo->inclusionlistnum   = 1
[LOG] SystemI::createSoundInternal             : exinfo->suggestedsoundtype = 5
[LOG] SystemI::createSoundInternal             : exinfo->useropen           = 00007FF9AD09D3E0
[LOG] SystemI::createSoundInternal             : exinfo->userclose          = 00007FF9AD09D3A0
[LOG] SystemI::createSoundInternal             : exinfo->userread           = 00007FF9AD09D4C0
[LOG] SystemI::createSoundInternal             : exinfo->userseek           = 00007FF9AD09D580
[LOG] SystemI::createSoundInternal             : exinfo->fileuserdata       = 000002434A14C3E8
[LOG] SystemI::createSoundInternal             : exinfo->initialseekpostype = 1
[LOG] SystemI::DSPCodecPoolRegister            : register codec pool for pool type 4
[LOG] SystemI::createSoundInternal             : Sample 0/1: name='B01 S01DS - 01-59 - Full 01', format=5, channels=1, frequency=48000, lengthbytes=2560, lengthpcm=15276, pcmblocksize=0, loopstart=0, loopend=0, mode=0x00000000, channelmask=0x00000000, channelorder=0, peakvolume=0.125492.
[LOG] SystemI::createSoundInternal             : Create name='', mode=0x02000202
[LOG] SystemI::createSoundInternal             : exinfo->cbsize             = 224
[LOG] SystemI::createSoundInternal             : exinfo->length             = 21214080
[LOG] SystemI::createSoundInternal             : exinfo->fileoffset         = 177728
[LOG] SystemI::createSoundInternal             : exinfo->numsubsounds       = 1
[LOG] SystemI::createSoundInternal             : exinfo->inclusionlist      = 000000C9C5FAF178
[LOG] SystemI::createSoundInternal             : exinfo->inclusionlistnum   = 1
[LOG] SystemI::createSoundInternal             : exinfo->suggestedsoundtype = 5
[LOG] SystemI::createSoundInternal             : exinfo->useropen           = 00007FF9AD09D3E0
[LOG] SystemI::createSoundInternal             : exinfo->userclose          = 00007FF9AD09D3A0
[LOG] SystemI::createSoundInternal             : exinfo->userread           = 00007FF9AD09D4C0
[LOG] SystemI::createSoundInternal             : exinfo->userseek           = 00007FF9AD09D580
[LOG] SystemI::createSoundInternal             : exinfo->fileuserdata       = 000002434A14C3E8
[LOG] SystemI::createSoundInternal             : exinfo->initialseekpostype = 1
[LOG] SystemI::DSPCodecPoolRegister            : register codec pool for pool type 4
[LOG] SystemI::createSoundInternal             : Sample 0/1: name='FootstepsForest-007', format=5, channels=2, frequency=48000, lengthbytes=2624, lengthpcm=27182, pcmblocksize=0, loopstart=0, loopend=0, mode=0x00000000, channelmask=0x00000000, channelorder=0, peakvolume=0.233884.
[LOG] SystemI::createSoundInternal             : Create name='', mode=0x02000202
[LOG] SystemI::createSoundInternal             : exinfo->cbsize             = 224
[LOG] SystemI::createSoundInternal             : exinfo->length             = 21214080
[LOG] SystemI::createSoundInternal             : exinfo->fileoffset         = 177728
[LOG] SystemI::createSoundInternal             : exinfo->numsubsounds       = 1
[LOG] SystemI::createSoundInternal             : exinfo->inclusionlist      = 000000C9C5FAF178
[LOG] SystemI::createSoundInternal             : exinfo->inclusionlistnum   = 1
[LOG] SystemI::createSoundInternal             : exinfo->suggestedsoundtype = 5
[LOG] SystemI::createSoundInternal             : exinfo->useropen           = 00007FF9AD09D3E0
[LOG] SystemI::createSoundInternal             : exinfo->userclose          = 00007FF9AD09D3A0
[LOG] SystemI::createSoundInternal             : exinfo->userread           = 00007FF9AD09D4C0
[LOG] SystemI::createSoundInternal             : exinfo->userseek           = 00007FF9AD09D580
[LOG] SystemI::createSoundInternal             : exinfo->fileuserdata       = 000002434A14C3E8
[LOG] SystemI::createSoundInternal             : exinfo->initialseekpostype = 1
[LOG] SystemI::DSPCodecPoolRegister            : register codec pool for pool type 4
[LOG] SystemI::createSoundInternal             : Sample 0/1: name='BO01 WP01DS - 01-59 - Full 03', format=5, channels=1, frequency=48000, lengthbytes=3008, lengthpcm=20524, pcmblocksize=0, loopstart=0, loopend=0, mode=0x00000000, channelmask=0x00000000, channelorder=0, peakvolume=0.160127.
[LOG] SystemI::createSoundInternal             : Create name='', mode=0x02000202
[LOG] SystemI::createSoundInternal             : exinfo->cbsize             = 224
[LOG] SystemI::createSoundInternal             : exinfo->length             = 21214080
[LOG] SystemI::createSoundInternal             : exinfo->fileoffset         = 177728
[LOG] SystemI::createSoundInternal             : exinfo->numsubsounds       = 1
[LOG] SystemI::createSoundInternal             : exinfo->inclusionlist      = 000000C9C5FAF178
[LOG] SystemI::createSoundInternal             : exinfo->inclusionlistnum   = 1
[LOG] SystemI::createSoundInternal             : exinfo->suggestedsoundtype = 5
[LOG] SystemI::createSoundInternal             : exinfo->useropen           = 00007FF9AD09D3E0
[LOG] SystemI::createSoundInternal             : exinfo->userclose          = 00007FF9AD09D3A0
[LOG] SystemI::createSoundInternal             : exinfo->userread           = 00007FF9AD09D4C0
[LOG] SystemI::createSoundInternal             : exinfo->userseek           = 00007FF9AD09D580
[LOG] SystemI::createSoundInternal             : exinfo->fileuserdata       = 000002434A14C3E8
[LOG] SystemI::createSoundInternal             : exinfo->initialseekpostype = 1
[LOG] SystemI::DSPCodecPoolRegister            : register codec pool for pool type 4
[LOG] SystemI::createSoundInternal             : Sample 0/1: name='BO01 CC01D S - 01-59 - Full 04', format=5, channels=1, frequency=48000, lengthbytes=2400, lengthpcm=15004, pcmblocksize=0, loopstart=0, loopend=0, mode=0x00000000, channelmask=0x00000000, channelorder=0, peakvolume=0.169106.
[LOG] SystemI::createSoundInternal             : Create name='', mode=0x02000202
[LOG] SystemI::createSoundInternal             : exinfo->cbsize             = 224
[LOG] SystemI::createSoundInternal             : exinfo->length             = 21214080
[LOG] SystemI::createSoundInternal             : exinfo->fileoffset         = 177728
[LOG] SystemI::createSoundInternal             : exinfo->numsubsounds       = 1
[LOG] SystemI::createSoundInternal             : exinfo->inclusionlist      = 000000C9C5FAF178
[LOG] SystemI::createSoundInternal             : exinfo->inclusionlistnum   = 1
[LOG] SystemI::createSoundInternal             : exinfo->suggestedsoundtype = 5
[LOG] SystemI::createSoundInternal             : exinfo->useropen           = 00007FF9AD09D3E0
[LOG] SystemI::createSoundInternal             : exinfo->userclose          = 00007FF9AD09D3A0
[LOG] SystemI::createSoundInternal             : exinfo->userread           = 00007FF9AD09D4C0
[LOG] SystemI::createSoundInternal             : exinfo->userseek           = 00007FF9AD09D580
[LOG] SystemI::createSoundInternal             : exinfo->fileuserdata       = 000002434A14C3E8
[LOG] SystemI::createSoundInternal             : exinfo->initialseekpostype = 1
[LOG] SystemI::DSPCodecPoolRegister            : register codec pool for pool type 4
[LOG] SystemI::createSoundInternal             : Sample 0/1: name='BO01 WP01DS - 01-59 - Full 02', format=5, channels=1, frequency=48000, lengthbytes=2176, lengthpcm=13594, pcmblocksize=0, loopstart=0, loopend=0, mode=0x00000000, channelmask=0x00000000, channelorder=0, peakvolume=0.073906.
[LOG] SystemI::createSoundInternal             : Create name='', mode=0x02000202
[LOG] SystemI::createSoundInternal             : exinfo->cbsize             = 224
[LOG] SystemI::createSoundInternal             : exinfo->length             = 21214080
[LOG] SystemI::createSoundInternal             : exinfo->fileoffset         = 177728
[LOG] SystemI::createSoundInternal             : exinfo->numsubsounds       = 1
[LOG] SystemI::createSoundInternal             : exinfo->inclusionlist      = 000000C9C5FAF178
[LOG] SystemI::createSoundInternal             : exinfo->inclusionlistnum   = 1
[LOG] SystemI::createSoundInternal             : exinfo->suggestedsoundtype = 5
[LOG] SystemI::createSoundInternal             : exinfo->useropen           = 00007FF9AD09D3E0
[LOG] SystemI::createSoundInternal             : exinfo->userclose          = 00007FF9AD09D3A0
[LOG] SystemI::createSoundInternal             : exinfo->userread           = 00007FF9AD09D4C0
[LOG] SystemI::createSoundInternal             : exinfo->userseek           = 00007FF9AD09D580
[LOG] SystemI::createSoundInternal             : exinfo->fileuserdata       = 000002434A14C3E8
[LOG] SystemI::createSoundInternal             : exinfo->initialseekpostype = 1
[LOG] SystemI::DSPCodecPoolRegister            : register codec pool for pool type 4
[LOG] SystemI::createSoundInternal             : Sample 0/1: name='B01 S01DS - 01-59 - Full 16', format=5, channels=1, frequency=48000, lengthbytes=1920, lengthpcm=10112, pcmblocksize=0, loopstart=0, loopend=0, mode=0x00000000, channelmask=0x00000000, channelorder=0, peakvolume=0.080218.
[LOG] SystemI::createSoundInternal             : Create name='', mode=0x02000202
[LOG] SystemI::createSoundInternal             : exinfo->cbsize             = 224
[LOG] SystemI::createSoundInternal             : exinfo->length             = 21214080
[LOG] SystemI::createSoundInternal             : exinfo->fileoffset         = 177728
[LOG] SystemI::createSoundInternal             : exinfo->numsubsounds       = 1
[LOG] SystemI::createSoundInternal             : exinfo->inclusionlist      = 000000C9C5FAF178
[LOG] SystemI::createSoundInternal             : exinfo->inclusionlistnum   = 1
[LOG] SystemI::createSoundInternal             : exinfo->suggestedsoundtype = 5
[LOG] SystemI::createSoundInternal             : exinfo->useropen           = 00007FF9AD09D3E0
[LOG] SystemI::createSoundInternal             : exinfo->userclose          = 00007FF9AD09D3A0
[LOG] SystemI::createSoundInternal             : exinfo->userread           = 00007FF9AD09D4C0
[LOG] SystemI::createSoundInternal             : exinfo->userseek           = 00007FF9AD09D580
[LOG] SystemI::createSoundInternal             : exinfo->fileuserdata       = 000002434A14C3E8
[LOG] SystemI::createSoundInternal             : exinfo->initialseekpostype = 1
[LOG] SystemI::DSPCodecPoolRegister            : register codec pool for pool type 4
[LOG] SystemI::createSoundInternal             : Sample 0/1: name='FootstepsForest-011', format=5, channels=2, frequency=48000, lengthbytes=2720, lengthpcm=25767, pcmblocksize=0, loopstart=0, loopend=0, mode=0x00000000, channelmask=0x00000000, channelorder=0, peakvolume=0.251189.
[LOG] SystemI::createSoundInternal             : Create name='', mode=0x02000202
[LOG] SystemI::createSoundInternal             : exinfo->cbsize             = 224
[LOG] SystemI::createSoundInternal             : exinfo->length             = 21214080
[LOG] SystemI::createSoundInternal             : exinfo->fileoffset         = 177728
[LOG] SystemI::createSoundInternal             : exinfo->numsubsounds       = 1
[LOG] SystemI::createSoundInternal             : exinfo->inclusionlist      = 000000C9C5FAF178
[LOG] SystemI::createSoundInternal             : exinfo->inclusionlistnum   = 1
[LOG] SystemI::createSoundInternal             : exinfo->suggestedsoundtype = 5
[LOG] SystemI::createSoundInternal             : exinfo->useropen           = 00007FF9AD09D3E0
[LOG] SystemI::createSoundInternal             : exinfo->userclose          = 00007FF9AD09D3A0
[LOG] SystemI::createSoundInternal             : exinfo->userread           = 00007FF9AD09D4C0
[LOG] SystemI::createSoundInternal             : exinfo->userseek           = 00007FF9AD09D580
[LOG] SystemI::createSoundInternal             : exinfo->fileuserdata       = 000002434A14C3E8
[LOG] SystemI::createSoundInternal             : exinfo->initialseekpostype = 1
[LOG] SystemI::DSPCodecPoolRegister            : register codec pool for pool type 4
[LOG] SystemI::createSoundInternal             : Sample 0/1: name='B01 S01DS - 01-59 - Full 05', format=5, channels=1, frequency=48000, lengthbytes=2624, lengthpcm=14414, pcmblocksize=0, loopstart=0, loopend=0, mode=0x00000000, channelmask=0x00000000, channelorder=0, peakvolume=0.134276.
[LOG] SystemI::createSoundInternal             : Create name='', mode=0x02000202
[LOG] SystemI::createSoundInternal             : exinfo->cbsize             = 224
[LOG] SystemI::createSoundInternal             : exinfo->length             = 21214080
[LOG] SystemI::createSoundInternal             : exinfo->fileoffset         = 177728
[LOG] SystemI::createSoundInternal             : exinfo->numsubsounds       = 1
[LOG] SystemI::createSoundInternal             : exinfo->inclusionlist      = 000000C9C5FAF178
[LOG] SystemI::createSoundInternal             : exinfo->inclusionlistnum   = 1
[LOG] SystemI::createSoundInternal             : exinfo->suggestedsoundtype = 5
[LOG] SystemI::createSoundInternal             : exinfo->useropen           = 00007FF9AD09D3E0
[LOG] SystemI::createSoundInternal             : exinfo->userclose          = 00007FF9AD09D3A0
[LOG] SystemI::createSoundInternal             : exinfo->userread           = 00007FF9AD09D4C0
[LOG] SystemI::createSoundInternal             : exinfo->userseek           = 00007FF9AD09D580
[LOG] SystemI::createSoundInternal             : exinfo->fileuserdata       = 000002434A14C3E8
[LOG] SystemI::createSoundInternal             : exinfo->initialseekpostype = 1
[LOG] SystemI::DSPCodecPoolRegister            : register codec pool for pool type 4
[LOG] SystemI::createSoundInternal             : Sample 0/1: name='BO01 WP01DS - 01-59 - Full 10', format=5, channels=1, frequency=48000, lengthbytes=2016, lengthpcm=13776, pcmblocksize=0, loopstart=0, loopend=0, mode=0x00000000, channelmask=0x00000000, channelorder=0, peakvolume=0.124767.
[LOG] SystemI::createSoundInternal             : Create name='', mode=0x02000202
[LOG] SystemI::createSoundInternal             : exinfo->cbsize             = 224
[LOG] SystemI::createSoundInternal             : exinfo->length             = 21214080
[LOG] SystemI::createSoundInternal             : exinfo->fileoffset         = 177728
[LOG] SystemI::createSoundInternal             : exinfo->numsubsounds       = 1
[LOG] SystemI::createSoundInternal             : exinfo->inclusionlist      = 000000C9C5FAF178
[LOG] SystemI::createSoundInternal             : exinfo->inclusionlistnum   = 1
[LOG] SystemI::createSoundInternal             : exinfo->suggestedsoundtype = 5
[LOG] SystemI::createSoundInternal             : exinfo->useropen           = 00007FF9AD09D3E0
[LOG] SystemI::createSoundInternal             : exinfo->userclose          = 00007FF9AD09D3A0
[LOG] SystemI::createSoundInternal             : exinfo->userread           = 00007FF9AD09D4C0
[LOG] SystemI::createSoundInternal             : exinfo->userseek           = 00007FF9AD09D580
[LOG] SystemI::createSoundInternal             : exinfo->fileuserdata       = 000002434A14C3E8
[LOG] SystemI::createSoundInternal             : exinfo->initialseekpostype = 1
[LOG] SystemI::DSPCodecPoolRegister            : register codec pool for pool type 4
[LOG] SystemI::createSoundInternal             : Sample 0/1: name='FootstepsForest-009', format=5, channels=2, frequency=48000, lengthbytes=2944, lengthpcm=26333, pcmblocksize=0, loopstart=0, loopend=0, mode=0x00000000, channelmask=0x00000000, channelorder=0, peakvolume=0.246358.
[LOG] SystemI::createSoundInternal             : Create name='', mode=0x02000202
[LOG] SystemI::createSoundInternal             : exinfo->cbsize             = 224
[LOG] SystemI::createSoundInternal             : exinfo->length             = 21214080
[LOG] SystemI::createSoundInternal             : exinfo->fileoffset         = 177728
[LOG] SystemI::createSoundInternal             : exinfo->numsubsounds       = 1
[LOG] SystemI::createSoundInternal             : exinfo->inclusionlist      = 000000C9C5FAF178
[LOG] SystemI::createSoundInternal             : exinfo->inclusionlistnum   = 1
[LOG] SystemI::createSoundInternal             : exinfo->suggestedsoundtype = 5
[LOG] SystemI::createSoundInternal             : exinfo->useropen           = 00007FF9AD09D3E0
[LOG] SystemI::createSoundInternal             : exinfo->userclose          = 00007FF9AD09D3A0
[LOG] SystemI::createSoundInternal             : exinfo->userread           = 00007FF9AD09D4C0
[LOG] SystemI::createSoundInternal             : exinfo->userseek           = 00007FF9AD09D580
[LOG] SystemI::createSoundInternal             : exinfo->fileuserdata       = 000002434A14C3E8
[LOG] SystemI::createSoundInternal             : exinfo->initialseekpostype = 1
[LOG] SystemI::DSPCodecPoolRegister            : register codec pool for pool type 4
[LOG] SystemI::createSoundInternal             : Sample 0/1: name='BO01 CC01D S - 01-59 - Full 01', format=5, channels=1, frequency=48000, lengthbytes=2752, lengthpcm=16894, pcmblocksize=0, loopstart=0, loopend=0, mode=0x00000000, channelmask=0x00000000, channelorder=0, peakvolume=0.161759.
[LOG] SystemI::createSoundInternal             : Create name='', mode=0x02000202
[LOG] SystemI::createSoundInternal             : exinfo->cbsize             = 224
[LOG] SystemI::createSoundInternal             : exinfo->length             = 21214080
[LOG] SystemI::createSoundInternal             : exinfo->fileoffset         = 177728
[LOG] SystemI::createSoundInternal             : exinfo->numsubsounds       = 1
[LOG] SystemI::createSoundInternal             : exinfo->inclusionlist      = 000000C9C5FAF178
[LOG] SystemI::createSoundInternal             : exinfo->inclusionlistnum   = 1
[LOG] SystemI::createSoundInternal             : exinfo->suggestedsoundtype = 5
[LOG] SystemI::createSoundInternal             : exinfo->useropen           = 00007FF9AD09D3E0
[LOG] SystemI::createSoundInternal             : exinfo->userclose          = 00007FF9AD09D3A0
[LOG] SystemI::createSoundInternal             : exinfo->userread           = 00007FF9AD09D4C0
[LOG] SystemI::createSoundInternal             : exinfo->userseek           = 00007FF9AD09D580
[LOG] SystemI::createSoundInternal             : exinfo->fileuserdata       = 000002434A14C3E8
[LOG] SystemI::createSoundInternal             : exinfo->initialseekpostype = 1
[LOG] SystemI::DSPCodecPoolRegister            : register codec pool for pool type 4
[LOG] SystemI::createSoundInternal             : Sample 0/1: name='BO01 CC01D S - 01-59 - Full 11', format=5, channels=1, frequency=48000, lengthbytes=2784, lengthpcm=16718, pcmblocksize=0, loopstart=0, loopend=0, mode=0x00000000, channelmask=0x00000000, channelorder=0, peakvolume=0.255691.
[LOG] SystemI::createSoundInternal             : Create name='', mode=0x02000202
[LOG] SystemI::createSoundInternal             : exinfo->cbsize             = 224
[LOG] SystemI::createSoundInternal             : exinfo->length             = 21214080
[LOG] SystemI::createSoundInternal             : exinfo->fileoffset         = 177728
[LOG] SystemI::createSoundInternal             : exinfo->numsubsounds       = 1
[LOG] SystemI::createSoundInternal             : exinfo->inclusionlist      = 000000C9C5FAF178
[LOG] SystemI::createSoundInternal             : exinfo->inclusionlistnum   = 1
[LOG] SystemI::createSoundInternal             : exinfo->suggestedsoundtype = 5
[LOG] SystemI::createSoundInternal             : exinfo->useropen           = 00007FF9AD09D3E0
[LOG] SystemI::createSoundInternal             : exinfo->userclose          = 00007FF9AD09D3A0
[LOG] SystemI::createSoundInternal             : exinfo->userread           = 00007FF9AD09D4C0
[LOG] SystemI::createSoundInternal             : exinfo->userseek           = 00007FF9AD09D580
[LOG] SystemI::createSoundInternal             : exinfo->fileuserdata       = 000002434A14C3E8
[LOG] SystemI::createSoundInternal             : exinfo->initialseekpostype = 1
[LOG] SystemI::DSPCodecPoolRegister            : register codec pool for pool type 4
[LOG] SystemI::createSoundInternal             : Sample 0/1: name='BO01 WP01DS - 01-59 - Full 11', format=5, channels=1, frequency=48000, lengthbytes=1984, lengthpcm=13426, pcmblocksize=0, loopstart=0, loopend=0, mode=0x00000000, channelmask=0x00000000, channelorder=0, peakvolume=0.095366.
[LOG] SystemI::createSoundInternal             : Create name='', mode=0x02000202
[LOG] SystemI::createSoundInternal             : exinfo->cbsize             = 224
[LOG] SystemI::createSoundInternal             : exinfo->length             = 21214080
[LOG] SystemI::createSoundInternal             : exinfo->fileoffset         = 177728
[LOG] SystemI::createSoundInternal             : exinfo->numsubsounds       = 1
[LOG] SystemI::createSoundInternal             : exinfo->inclusionlist      = 000000C9C5FAF178
[LOG] SystemI::createSoundInternal             : exinfo->inclusionlistnum   = 1
[LOG] SystemI::createSoundInternal             : exinfo->suggestedsoundtype = 5
[LOG] SystemI::createSoundInternal             : exinfo->useropen           = 00007FF9AD09D3E0
[LOG] SystemI::createSoundInternal             : exinfo->userclose          = 00007FF9AD09D3A0
[LOG] SystemI::createSoundInternal             : exinfo->userread           = 00007FF9AD09D4C0
[LOG] SystemI::createSoundInternal             : exinfo->userseek           = 00007FF9AD09D580
[LOG] SystemI::createSoundInternal             : exinfo->fileuserdata       = 000002434A14C3E8
[LOG] SystemI::createSoundInternal             : exinfo->initialseekpostype = 1
[LOG] SystemI::DSPCodecPoolRegister            : register codec pool for pool type 4
[LOG] SystemI::createSoundInternal             : Sample 0/1: name='BO01 WP01DS - 01-59 - Full 12', format=5, channels=1, frequency=48000, lengthbytes=2080, lengthpcm=13622, pcmblocksize=0, loopstart=0, loopend=0, mode=0x00000000, channelmask=0x00000000, channelorder=0, peakvolume=0.133423.
[LOG] SystemI::createSoundInternal             : Create name='', mode=0x02000202
[LOG] SystemI::createSoundInternal             : exinfo->cbsize             = 224
[LOG] SystemI::createSoundInternal             : exinfo->length             = 21214080
[LOG] SystemI::createSoundInternal             : exinfo->fileoffset         = 177728
[LOG] SystemI::createSoundInternal             : exinfo->numsubsounds       = 1
[LOG] SystemI::createSoundInternal             : exinfo->inclusionlist      = 000000C9C5FAF178
[LOG] SystemI::createSoundInternal             : exinfo->inclusionlistnum   = 1
[LOG] SystemI::createSoundInternal             : exinfo->suggestedsoundtype = 5
[LOG] SystemI::createSoundInternal             : exinfo->useropen           = 00007FF9AD09D3E0
[LOG] SystemI::createSoundInternal             : exinfo->userclose          = 00007FF9AD09D3A0
[LOG] SystemI::createSoundInternal             : exinfo->userread           = 00007FF9AD09D4C0
[LOG] SystemI::createSoundInternal             : exinfo->userseek           = 00007FF9AD09D580
[LOG] SystemI::createSoundInternal             : exinfo->fileuserdata       = 000002434A14C3E8
[LOG] SystemI::createSoundInternal             : exinfo->initialseekpostype = 1
[LOG] SystemI::DSPCodecPoolRegister            : register codec pool for pool type 4
[LOG] SystemI::createSoundInternal             : Sample 0/1: name='BO01 CC01D S - 01-59 - Full 15', format=5, channels=1, frequency=48000, lengthbytes=2784, lengthpcm=17132, pcmblocksize=0, loopstart=0, loopend=0, mode=0x00000000, channelmask=0x00000000, channelorder=0, peakvolume=0.186211.
[LOG] SystemI::createSoundInternal             : Create name='', mode=0x02000202
[LOG] SystemI::createSoundInternal             : exinfo->cbsize             = 224
[LOG] SystemI::createSoundInternal             : exinfo->length             = 21214080
[LOG] SystemI::createSoundInternal             : exinfo->fileoffset         = 177728
[LOG] SystemI::createSoundInternal             : exinfo->numsubsounds       = 1
[LOG] SystemI::createSoundInternal             : exinfo->inclusionlist      = 000000C9C5FAF178
[LOG] SystemI::createSoundInternal             : exinfo->inclusionlistnum   = 1
[LOG] SystemI::createSoundInternal             : exinfo->suggestedsoundtype = 5
[LOG] SystemI::createSoundInternal             : exinfo->useropen           = 00007FF9AD09D3E0
[LOG] SystemI::createSoundInternal             : exinfo->userclose          = 00007FF9AD09D3A0
[LOG] SystemI::createSoundInternal             : exinfo->userread           = 00007FF9AD09D4C0
[LOG] SystemI::createSoundInternal             : exinfo->userseek           = 00007FF9AD09D580
[LOG] SystemI::createSoundInternal             : exinfo->fileuserdata       = 000002434A14C3E8
[LOG] SystemI::createSoundInternal             : exinfo->initialseekpostype = 1
[LOG] SystemI::DSPCodecPoolRegister            : register codec pool for pool type 4
[LOG] SystemI::createSoundInternal             : Sample 0/1: name='B01 S01DS - 01-59 - Full 15', format=5, channels=1, frequency=48000, lengthbytes=2400, lengthpcm=13088, pcmblocksize=0, loopstart=0, loopend=0, mode=0x00000000, channelmask=0x00000000, channelorder=0, peakvolume=0.168778.
[LOG] SystemI::createSoundInternal             : Create name='', mode=0x02000202
[LOG] SystemI::createSoundInternal             : exinfo->cbsize             = 224
[LOG] SystemI::createSoundInternal             : exinfo->length             = 21214080
[LOG] SystemI::createSoundInternal             : exinfo->fileoffset         = 177728
[LOG] SystemI::createSoundInternal             : exinfo->numsubsounds       = 1
[LOG] SystemI::createSoundInternal             : exinfo->inclusionlist      = 000000C9C5FAF178
[LOG] SystemI::createSoundInternal             : exinfo->inclusionlistnum   = 1
[LOG] SystemI::createSoundInternal             : exinfo->suggestedsoundtype = 5
[LOG] SystemI::createSoundInternal             : exinfo->useropen           = 00007FF9AD09D3E0
[LOG] SystemI::createSoundInternal             : exinfo->userclose          = 00007FF9AD09D3A0
[LOG] SystemI::createSoundInternal             : exinfo->userread           = 00007FF9AD09D4C0
[LOG] SystemI::createSoundInternal             : exinfo->userseek           = 00007FF9AD09D580
[LOG] SystemI::createSoundInternal             : exinfo->fileuserdata       = 000002434A14C3E8
[LOG] SystemI::createSoundInternal             : exinfo->initialseekpostype = 1
[LOG] SystemI::DSPCodecPoolRegister            : register codec pool for pool type 4
[LOG] SystemI::createSoundInternal             : Sample 0/1: name='BO01 CC01D S - 01-59 - Full 09', format=5, channels=1, frequency=48000, lengthbytes=3424, lengthpcm=20629, pcmblocksize=0, loopstart=0, loopend=0, mode=0x00000000, channelmask=0x00000000, channelorder=0, peakvolume=0.169027.
[LOG] SystemI::createSoundInternal             : Create name='', mode=0x02000202
[LOG] SystemI::createSoundInternal             : exinfo->cbsize             = 224
[LOG] SystemI::createSoundInternal             : exinfo->length             = 21214080
[LOG] SystemI::createSoundInternal             : exinfo->fileoffset         = 177728
[LOG] SystemI::createSoundInternal             : exinfo->numsubsounds       = 1
[LOG] SystemI::createSoundInternal             : exinfo->inclusionlist      = 000000C9C5FAF178
[LOG] SystemI::createSoundInternal             : exinfo->inclusionlistnum   = 1
[LOG] SystemI::createSoundInternal             : exinfo->suggestedsoundtype = 5
[LOG] SystemI::createSoundInternal             : exinfo->useropen           = 00007FF9AD09D3E0
[LOG] SystemI::createSoundInternal             : exinfo->userclose          = 00007FF9AD09D3A0
[LOG] SystemI::createSoundInternal             : exinfo->userread           = 00007FF9AD09D4C0
[LOG] SystemI::createSoundInternal             : exinfo->userseek           = 00007FF9AD09D580
[LOG] SystemI::createSoundInternal             : exinfo->fileuserdata       = 000002434A14C3E8
[LOG] SystemI::createSoundInternal             : exinfo->initialseekpostype = 1
[LOG] SystemI::DSPCodecPoolRegister            : register codec pool for pool type 4
[LOG] SystemI::createSoundInternal             : Sample 0/1: name='BO01 WP01DS - 01-59 - Full 15', format=5, channels=1, frequency=48000, lengthbytes=1408, lengthpcm=8568, pcmblocksize=0, loopstart=0, loopend=0, mode=0x00000000, channelmask=0x00000000, channelorder=0, peakvolume=0.234208.
[LOG] SystemI::createSoundInternal             : Create name='', mode=0x02000202
[LOG] SystemI::createSoundInternal             : exinfo->cbsize             = 224
[LOG] SystemI::createSoundInternal             : exinfo->length             = 21214080
[LOG] SystemI::createSoundInternal             : exinfo->fileoffset         = 177728
[LOG] SystemI::createSoundInternal             : exinfo->numsubsounds       = 1
[LOG] SystemI::createSoundInternal             : exinfo->inclusionlist      = 000000C9C5FAF178
[LOG] SystemI::createSoundInternal             : exinfo->inclusionlistnum   = 1
[LOG] SystemI::createSoundInternal             : exinfo->suggestedsoundtype = 5
[LOG] SystemI::createSoundInternal             : exinfo->useropen           = 00007FF9AD09D3E0
[LOG] SystemI::createSoundInternal             : exinfo->userclose          = 00007FF9AD09D3A0
[LOG] SystemI::createSoundInternal             : exinfo->userread           = 00007FF9AD09D4C0
[LOG] SystemI::createSoundInternal             : exinfo->userseek           = 00007FF9AD09D580
[LOG] SystemI::createSoundInternal             : exinfo->fileuserdata       = 000002434A14C3E8
[LOG] SystemI::createSoundInternal             : exinfo->initialseekpostype = 1
[LOG] SystemI::DSPCodecPoolRegister            : register codec pool for pool type 4
[LOG] SystemI::createSoundInternal             : Sample 0/1: name='FootstepsForest-002', format=5, channels=2, frequency=48000, lengthbytes=2688, lengthpcm=21803, pcmblocksize=0, loopstart=0, loopend=0, mode=0x00000000, channelmask=0x00000000, channelorder=0, peakvolume=0.251189.
[LOG] SystemI::createSoundInternal             : Create name='', mode=0x02000202
[LOG] SystemI::createSoundInternal             : exinfo->cbsize             = 224
[LOG] SystemI::createSoundInternal             : exinfo->length             = 21214080
[LOG] SystemI::createSoundInternal             : exinfo->fileoffset         = 177728
[LOG] SystemI::createSoundInternal             : exinfo->numsubsounds       = 1
[LOG] SystemI::createSoundInternal             : exinfo->inclusionlist      = 000000C9C5FAF178
[LOG] SystemI::createSoundInternal             : exinfo->inclusionlistnum   = 1
[LOG] SystemI::createSoundInternal             : exinfo->suggestedsoundtype = 5
[LOG] SystemI::createSoundInternal             : exinfo->useropen           = 00007FF9AD09D3E0
[LOG] SystemI::createSoundInternal             : exinfo->userclose          = 00007FF9AD09D3A0
[LOG] SystemI::createSoundInternal             : exinfo->userread           = 00007FF9AD09D4C0
[LOG] SystemI::createSoundInternal             : exinfo->userseek           = 00007FF9AD09D580
[LOG] SystemI::createSoundInternal             : exinfo->fileuserdata       = 000002434A14C3E8
[LOG] SystemI::createSoundInternal             : exinfo->initialseekpostype = 1
[LOG] SystemI::DSPCodecPoolRegister            : register codec pool for pool type 4
[LOG] SystemI::createSoundInternal             : Sample 0/1: name='BO01 CC01D S - 01-59 - Full 07', format=5, channels=1, frequency=48000, lengthbytes=2784, lengthpcm=16419, pcmblocksize=0, loopstart=0, loopend=0, mode=0x00000000, channelmask=0x00000000, channelorder=0, peakvolume=0.170295.
[LOG] SystemI::createSoundInternal             : Create name='', mode=0x02000202
[LOG] SystemI::createSoundInternal             : exinfo->cbsize             = 224
[LOG] SystemI::createSoundInternal             : exinfo->length             = 21214080
[LOG] SystemI::createSoundInternal             : exinfo->fileoffset         = 177728
[LOG] SystemI::createSoundInternal             : exinfo->numsubsounds       = 1
[LOG] SystemI::createSoundInternal             : exinfo->inclusionlist      = 000000C9C5FAF178
[LOG] SystemI::createSoundInternal             : exinfo->inclusionlistnum   = 1
[LOG] SystemI::createSoundInternal             : exinfo->suggestedsoundtype = 5
[LOG] SystemI::createSoundInternal             : exinfo->useropen           = 00007FF9AD09D3E0
[LOG] SystemI::createSoundInternal             : exinfo->userclose          = 00007FF9AD09D3A0
[LOG] SystemI::createSoundInternal             : exinfo->userread           = 00007FF9AD09D4C0
[LOG] SystemI::createSoundInternal             : exinfo->userseek           = 00007FF9AD09D580
[LOG] SystemI::createSoundInternal             : exinfo->fileuserdata       = 000002434A14C3E8
[LOG] SystemI::createSoundInternal             : exinfo->initialseekpostype = 1
[LOG] SystemI::DSPCodecPoolRegister            : register codec pool for pool type 4
[LOG] SystemI::createSoundInternal             : Sample 0/1: name='BO01 CC01D S - 01-59 - Full 03', format=5, channels=1, frequency=48000, lengthbytes=2464, lengthpcm=14391, pcmblocksize=0, loopstart=0, loopend=0, mode=0x00000000, channelmask=0x00000000, channelorder=0, peakvolume=0.161724.
[LOG] SystemI::createSoundInternal             : Create name='', mode=0x02000202
[LOG] SystemI::createSoundInternal             : exinfo->cbsize             = 224
[LOG] SystemI::createSoundInternal             : exinfo->length             = 21214080
[LOG] SystemI::createSoundInternal             : exinfo->fileoffset         = 177728
[LOG] SystemI::createSoundInternal             : exinfo->numsubsounds       = 1
[LOG] SystemI::createSoundInternal             : exinfo->inclusionlist      = 000000C9C5FAF178
[LOG] SystemI::createSoundInternal             : exinfo->inclusionlistnum   = 1
[LOG] SystemI::createSoundInternal             : exinfo->suggestedsoundtype = 5
[LOG] SystemI::createSoundInternal             : exinfo->useropen           = 00007FF9AD09D3E0
[LOG] SystemI::createSoundInternal             : exinfo->userclose          = 00007FF9AD09D3A0
[LOG] SystemI::createSoundInternal             : exinfo->userread           = 00007FF9AD09D4C0
[LOG] SystemI::createSoundInternal             : exinfo->userseek           = 00007FF9AD09D580
[LOG] SystemI::createSoundInternal             : exinfo->fileuserdata       = 000002434A14C3E8
[LOG] SystemI::createSoundInternal             : exinfo->initialseekpostype = 1
[LOG] SystemI::DSPCodecPoolRegister            : register codec pool for pool type 4
[LOG] SystemI::createSoundInternal             : Sample 0/1: name='FootstepsForest-012', format=5, channels=2, frequency=48000, lengthbytes=2496, lengthpcm=22935, pcmblocksize=0, loopstart=0, loopend=0, mode=0x00000000, channelmask=0x00000000, channelorder=0, peakvolume=0.249750.
[LOG] SystemI::createSoundInternal             : Create name='', mode=0x02000202
[LOG] SystemI::createSoundInternal             : exinfo->cbsize             = 224
[LOG] SystemI::createSoundInternal             : exinfo->length             = 21214080
[LOG] SystemI::createSoundInternal             : exinfo->fileoffset         = 177728
[LOG] SystemI::createSoundInternal             : exinfo->numsubsounds       = 1
[LOG] SystemI::createSoundInternal             : exinfo->inclusionlist      = 000000C9C5FAF178
[LOG] SystemI::createSoundInternal             : exinfo->inclusionlistnum   = 1
[LOG] SystemI::createSoundInternal             : exinfo->suggestedsoundtype = 5
[LOG] SystemI::createSoundInternal             : exinfo->useropen           = 00007FF9AD09D3E0
[LOG] SystemI::createSoundInternal             : exinfo->userclose          = 00007FF9AD09D3A0
[LOG] SystemI::createSoundInternal             : exinfo->userread           = 00007FF9AD09D4C0
[LOG] SystemI::createSoundInternal             : exinfo->userseek           = 00007FF9AD09D580
[LOG] SystemI::createSoundInternal             : exinfo->fileuserdata       = 000002434A14C3E8
[LOG] SystemI::createSoundInternal             : exinfo->initialseekpostype = 1
[LOG] SystemI::DSPCodecPoolRegister            : register codec pool for pool type 4
[LOG] SystemI::createSoundInternal             : Sample 0/1: name='B01 S01DS - 01-59 - Full 14', format=5, channels=1, frequency=48000, lengthbytes=2688, lengthpcm=15364, pcmblocksize=0, loopstart=0, loopend=0, mode=0x00000000, channelmask=0x00000000, channelorder=0, peakvolume=0.117989.
[LOG] SystemI::createSoundInternal             : Create name='', mode=0x02000202
[LOG] SystemI::createSoundInternal             : exinfo->cbsize             = 224
[LOG] SystemI::createSoundInternal             : exinfo->length             = 21214080
[LOG] SystemI::createSoundInternal             : exinfo->fileoffset         = 177728
[LOG] SystemI::createSoundInternal             : exinfo->numsubsounds       = 1
[LOG] SystemI::createSoundInternal             : exinfo->inclusionlist      = 000000C9C5FAF178
[LOG] SystemI::createSoundInternal             : exinfo->inclusionlistnum   = 1
[LOG] SystemI::createSoundInternal             : exinfo->suggestedsoundtype = 5
[LOG] SystemI::createSoundInternal             : exinfo->useropen           = 00007FF9AD09D3E0
[LOG] SystemI::createSoundInternal             : exinfo->userclose          = 00007FF9AD09D3A0
[LOG] SystemI::createSoundInternal             : exinfo->userread           = 00007FF9AD09D4C0
[LOG] SystemI::createSoundInternal             : exinfo->userseek           = 00007FF9AD09D580
[LOG] SystemI::createSoundInternal             : exinfo->fileuserdata       = 000002434A14C3E8
[LOG] SystemI::createSoundInternal             : exinfo->initialseekpostype = 1
[LOG] SystemI::DSPCodecPoolRegister            : register codec pool for pool type 4
[LOG] SystemI::createSoundInternal             : Sample 0/1: name='B01 S01DS - 01-59 - Full 02', format=5, channels=1, frequency=48000, lengthbytes=1408, lengthpcm=6594, pcmblocksize=0, loopstart=0, loopend=0, mode=0x00000000, channelmask=0x00000000, channelorder=0, peakvolume=0.066756.
[LOG] SystemI::createSoundInternal             : Create name='', mode=0x02000202
[LOG] SystemI::createSoundInternal             : exinfo->cbsize             = 224
[LOG] SystemI::createSoundInternal             : exinfo->length             = 21214080
[LOG] SystemI::createSoundInternal             : exinfo->fileoffset         = 177728
[LOG] SystemI::createSoundInternal             : exinfo->numsubsounds       = 1
[LOG] SystemI::createSoundInternal             : exinfo->inclusionlist      = 000000C9C5FAF178
[LOG] SystemI::createSoundInternal             : exinfo->inclusionlistnum   = 1
[LOG] SystemI::createSoundInternal             : exinfo->suggestedsoundtype = 5
[LOG] SystemI::createSoundInternal             : exinfo->useropen           = 00007FF9AD09D3E0
[LOG] SystemI::createSoundInternal             : exinfo->userclose          = 00007FF9AD09D3A0
[LOG] SystemI::createSoundInternal             : exinfo->userread           = 00007FF9AD09D4C0
[LOG] SystemI::createSoundInternal             : exinfo->userseek           = 00007FF9AD09D580
[LOG] SystemI::createSoundInternal             : exinfo->fileuserdata       = 000002434A14C3E8
[LOG] SystemI::createSoundInternal             : exinfo->initialseekpostype = 1
[LOG] SystemI::DSPCodecPoolRegister            : register codec pool for pool type 4
[LOG] SystemI::createSoundInternal             : Sample 0/1: name='BO01 WP01DS - 01-59 - Full 04', format=5, channels=1, frequency=48000, lengthbytes=3520, lengthpcm=23758, pcmblocksize=0, loopstart=0, loopend=0, mode=0x00000000, channelmask=0x00000000, channelorder=0, peakvolume=0.126946.
[LOG] SystemI::createSoundInternal             : Create name='', mode=0x02000202
[LOG] SystemI::createSoundInternal             : exinfo->cbsize             = 224
[LOG] SystemI::createSoundInternal             : exinfo->length             = 21214080
[LOG] SystemI::createSoundInternal             : exinfo->fileoffset         = 177728
[LOG] SystemI::createSoundInternal             : exinfo->numsubsounds       = 1
[LOG] SystemI::createSoundInternal             : exinfo->inclusionlist      = 000000C9C5FAF178
[LOG] SystemI::createSoundInternal             : exinfo->inclusionlistnum   = 1
[LOG] SystemI::createSoundInternal             : exinfo->suggestedsoundtype = 5
[LOG] SystemI::createSoundInternal             : exinfo->useropen           = 00007FF9AD09D3E0
[LOG] SystemI::createSoundInternal             : exinfo->userclose          = 00007FF9AD09D3A0
[LOG] SystemI::createSoundInternal             : exinfo->userread           = 00007FF9AD09D4C0
[LOG] SystemI::createSoundInternal             : exinfo->userseek           = 00007FF9AD09D580
[LOG] SystemI::createSoundInternal             : exinfo->fileuserdata       = 000002434A14C3E8
[LOG] SystemI::createSoundInternal             : exinfo->initialseekpostype = 1
[LOG] SystemI::DSPCodecPoolRegister            : register codec pool for pool type 4
[LOG] SystemI::createSoundInternal             : Sample 0/1: name='BO01 CC01D S - 01-59 - Full 16', format=5, channels=1, frequency=48000, lengthbytes=3264, lengthpcm=19701, pcmblocksize=0, loopstart=0, loopend=0, mode=0x00000000, channelmask=0x00000000, channelorder=0, peakvolume=0.186923.
[LOG] SystemI::createSoundInternal             : Create name='', mode=0x02000202
[LOG] SystemI::createSoundInternal             : exinfo->cbsize             = 224
[LOG] SystemI::createSoundInternal             : exinfo->length             = 21214080
[LOG] SystemI::createSoundInternal             : exinfo->fileoffset         = 177728
[LOG] SystemI::createSoundInternal             : exinfo->numsubsounds       = 1
[LOG] SystemI::createSoundInternal             : exinfo->inclusionlist      = 000000C9C5FAF178
[LOG] SystemI::createSoundInternal             : exinfo->inclusionlistnum   = 1
[LOG] SystemI::createSoundInternal             : exinfo->suggestedsoundtype = 5
[LOG] SystemI::createSoundInternal             : exinfo->useropen           = 00007FF9AD09D3E0
[LOG] SystemI::createSoundInternal             : exinfo->userclose          = 00007FF9AD09D3A0
[LOG] SystemI::createSoundInternal             : exinfo->userread           = 00007FF9AD09D4C0
[LOG] SystemI::createSoundInternal             : exinfo->userseek           = 00007FF9AD09D580
[LOG] SystemI::createSoundInternal             : exinfo->fileuserdata       = 000002434A14C3E8
[LOG] SystemI::createSoundInternal             : exinfo->initialseekpostype = 1
[LOG] SystemI::DSPCodecPoolRegister            : register codec pool for pool type 4
[LOG] SystemI::createSoundInternal             : Sample 0/1: name='BO01 WP01DS - 01-59 - Full 16', format=5, channels=1, frequency=48000, lengthbytes=2240, lengthpcm=14560, pcmblocksize=0, loopstart=0, loopend=0, mode=0x00000000, channelmask=0x00000000, channelorder=0, peakvolume=0.417369.
[LOG] SystemI::createSoundInternal             : Create name='', mode=0x02000202
[LOG] SystemI::createSoundInternal             : exinfo->cbsize             = 224
[LOG] SystemI::createSoundInternal             : exinfo->length             = 21214080
[LOG] SystemI::createSoundInternal             : exinfo->fileoffset         = 177728
[LOG] SystemI::createSoundInternal             : exinfo->numsubsounds       = 1
[LOG] SystemI::createSoundInternal             : exinfo->inclusionlist      = 000000C9C5FAF178
[LOG] SystemI::createSoundInternal             : exinfo->inclusionlistnum   = 1
[LOG] SystemI::createSoundInternal             : exinfo->suggestedsoundtype = 5
[LOG] SystemI::createSoundInternal             : exinfo->useropen           = 00007FF9AD09D3E0
[LOG] SystemI::createSoundInternal             : exinfo->userclose          = 00007FF9AD09D3A0
[LOG] SystemI::createSoundInternal             : exinfo->userread           = 00007FF9AD09D4C0
[LOG] SystemI::createSoundInternal             : exinfo->userseek           = 00007FF9AD09D580
[LOG] SystemI::createSoundInternal             : exinfo->fileuserdata       = 000002434A14C3E8
[LOG] SystemI::createSoundInternal             : exinfo->initialseekpostype = 1
[LOG] SystemI::DSPCodecPoolRegister            : register codec pool for pool type 4
[LOG] SystemI::createSoundInternal             : Sample 0/1: name='FootstepsForest-004', format=5, channels=2, frequency=48000, lengthbytes=3040, lengthpcm=26333, pcmblocksize=0, loopstart=0, loopend=0, mode=0x00000000, channelmask=0x00000000, channelorder=0, peakvolume=0.233067.
[LOG] SystemI::createSoundInternal             : Create name='', mode=0x02000202
[LOG] SystemI::createSoundInternal             : exinfo->cbsize             = 224
[LOG] SystemI::createSoundInternal             : exinfo->length             = 21214080
[LOG] SystemI::createSoundInternal             : exinfo->fileoffset         = 177728
[LOG] SystemI::createSoundInternal             : exinfo->numsubsounds       = 1
[LOG] SystemI::createSoundInternal             : exinfo->inclusionlist      = 000000C9C5FAF178
[LOG] SystemI::createSoundInternal             : exinfo->inclusionlistnum   = 1
[LOG] SystemI::createSoundInternal             : exinfo->suggestedsoundtype = 5
[LOG] SystemI::createSoundInternal             : exinfo->useropen           = 00007FF9AD09D3E0
[LOG] SystemI::createSoundInternal             : exinfo->userclose          = 00007FF9AD09D3A0
[LOG] SystemI::createSoundInternal             : exinfo->userread           = 00007FF9AD09D4C0
[LOG] SystemI::createSoundInternal             : exinfo->userseek           = 00007FF9AD09D580
[LOG] SystemI::createSoundInternal             : exinfo->fileuserdata       = 000002434A14C3E8
[LOG] SystemI::createSoundInternal             : exinfo->initialseekpostype = 1
[LOG] SystemI::DSPCodecPoolRegister            : register codec pool for pool type 4
[LOG] SystemI::createSoundInternal             : Sample 0/1: name='BO01 WP01DS - 01-59 - Full 07', format=5, channels=1, frequency=48000, lengthbytes=2208, lengthpcm=14854, pcmblocksize=0, loopstart=0, loopend=0, mode=0x00000000, channelmask=0x00000000, channelorder=0, peakvolume=0.110093.
[LOG] SystemI::createSoundInternal             : Create name='', mode=0x02000202
[LOG] SystemI::createSoundInternal             : exinfo->cbsize             = 224
[LOG] SystemI::createSoundInternal             : exinfo->length             = 21214080
[LOG] SystemI::createSoundInternal             : exinfo->fileoffset         = 177728
[LOG] SystemI::createSoundInternal             : exinfo->numsubsounds       = 1
[LOG] SystemI::createSoundInternal             : exinfo->inclusionlist      = 000000C9C5FAF178
[LOG] SystemI::createSoundInternal             : exinfo->inclusionlistnum   = 1
[LOG] SystemI::createSoundInternal             : exinfo->suggestedsoundtype = 5
[LOG] SystemI::createSoundInternal             : exinfo->useropen           = 00007FF9AD09D3E0
[LOG] SystemI::createSoundInternal             : exinfo->userclose          = 00007FF9AD09D3A0
[LOG] SystemI::createSoundInternal             : exinfo->userread           = 00007FF9AD09D4C0
[LOG] SystemI::createSoundInternal             : exinfo->userseek           = 00007FF9AD09D580
[LOG] SystemI::createSoundInternal             : exinfo->fileuserdata       = 000002434A14C3E8
[LOG] SystemI::createSoundInternal             : exinfo->initialseekpostype = 1
[LOG] SystemI::DSPCodecPoolRegister            : register codec pool for pool type 4
[LOG] SystemI::createSoundInternal             : Sample 0/1: name='B01 S01DS - 01-59 - Full 06', format=5, channels=1, frequency=48000, lengthbytes=2432, lengthpcm=14280, pcmblocksize=0, loopstart=0, loopend=0, mode=0x00000000, channelmask=0x00000000, channelorder=0, peakvolume=0.121623.
[LOG] SystemI::createSoundInternal             : Create name='', mode=0x02000202
[LOG] SystemI::createSoundInternal             : exinfo->cbsize             = 224
[LOG] SystemI::createSoundInternal             : exinfo->length             = 21214080
[LOG] SystemI::createSoundInternal             : exinfo->fileoffset         = 177728
[LOG] SystemI::createSoundInternal             : exinfo->numsubsounds       = 1
[LOG] SystemI::createSoundInternal             : exinfo->inclusionlist      = 000000C9C5FAF178
[LOG] SystemI::createSoundInternal             : exinfo->inclusionlistnum   = 1
[LOG] SystemI::createSoundInternal             : exinfo->suggestedsoundtype = 5
[LOG] SystemI::createSoundInternal             : exinfo->useropen           = 00007FF9AD09D3E0
[LOG] SystemI::createSoundInternal             : exinfo->userclose          = 00007FF9AD09D3A0
[LOG] SystemI::createSoundInternal             : exinfo->userread           = 00007FF9AD09D4C0
[LOG] SystemI::createSoundInternal             : exinfo->userseek           = 00007FF9AD09D580
[LOG] SystemI::createSoundInternal             : exinfo->fileuserdata       = 000002434A14C3E8
[LOG] SystemI::createSoundInternal             : exinfo->initialseekpostype = 1
[LOG] SystemI::DSPCodecPoolRegister            : register codec pool for pool type 4
[LOG] SystemI::createSoundInternal             : Sample 0/1: name='B01 S01DS - 01-59 - Full 04', format=5, channels=1, frequency=48000, lengthbytes=2560, lengthpcm=14254, pcmblocksize=0, loopstart=0, loopend=0, mode=0x00000000, channelmask=0x00000000, channelorder=0, peakvolume=0.092464.
[LOG] SystemI::createSoundInternal             : Create name='', mode=0x02000202
[LOG] SystemI::createSoundInternal             : exinfo->cbsize             = 224
[LOG] SystemI::createSoundInternal             : exinfo->length             = 21214080
[LOG] SystemI::createSoundInternal             : exinfo->fileoffset         = 177728
[LOG] SystemI::createSoundInternal             : exinfo->numsubsounds       = 1
[LOG] SystemI::createSoundInternal             : exinfo->inclusionlist      = 000000C9C5FAF178
[LOG] SystemI::createSoundInternal             : exinfo->inclusionlistnum   = 1
[LOG] SystemI::createSoundInternal             : exinfo->suggestedsoundtype = 5
[LOG] SystemI::createSoundInternal             : exinfo->useropen           = 00007FF9AD09D3E0
[LOG] SystemI::createSoundInternal             : exinfo->userclose          = 00007FF9AD09D3A0
[LOG] SystemI::createSoundInternal             : exinfo->userread           = 00007FF9AD09D4C0
[LOG] SystemI::createSoundInternal             : exinfo->userseek           = 00007FF9AD09D580
[LOG] SystemI::createSoundInternal             : exinfo->fileuserdata       = 000002434A14C3E8
[LOG] SystemI::createSoundInternal             : exinfo->initialseekpostype = 1
[LOG] SystemI::DSPCodecPoolRegister            : register codec pool for pool type 4
[LOG] SystemI::createSoundInternal             : Sample 0/1: name='BO01 CC01D S - 01-59 - Full 02', format=5, channels=1, frequency=48000, lengthbytes=2624, lengthpcm=15120, pcmblocksize=0, loopstart=0, loopend=0, mode=0x00000000, channelmask=0x00000000, channelorder=0, peakvolume=0.122886.
[LOG] SystemI::createSoundInternal             : Create name='', mode=0x02000202
[LOG] SystemI::createSoundInternal             : exinfo->cbsize             = 224
[LOG] SystemI::createSoundInternal             : exinfo->length             = 21214080
[LOG] SystemI::createSoundInternal             : exinfo->fileoffset         = 177728
[LOG] SystemI::createSoundInternal             : exinfo->numsubsounds       = 1
[LOG] SystemI::createSoundInternal             : exinfo->inclusionlist      = 000000C9C5FAF178
[LOG] SystemI::createSoundInternal             : exinfo->inclusionlistnum   = 1
[LOG] SystemI::createSoundInternal             : exinfo->suggestedsoundtype = 5
[LOG] SystemI::createSoundInternal             : exinfo->useropen           = 00007FF9AD09D3E0
[LOG] SystemI::createSoundInternal             : exinfo->userclose          = 00007FF9AD09D3A0
[LOG] SystemI::createSoundInternal             : exinfo->userread           = 00007FF9AD09D4C0
[LOG] SystemI::createSoundInternal             : exinfo->userseek           = 00007FF9AD09D580
[LOG] SystemI::createSoundInternal             : exinfo->fileuserdata       = 000002434A14C3E8
[LOG] SystemI::createSoundInternal             : exinfo->initialseekpostype = 1
[LOG] SystemI::DSPCodecPoolRegister            : register codec pool for pool type 4
[LOG] SystemI::createSoundInternal             : Sample 0/1: name='BO01 WP01DS - 01-59 - Full 09', format=5, channels=1, frequency=48000, lengthbytes=2912, lengthpcm=19166, pcmblocksize=0, loopstart=0, loopend=0, mode=0x00000000, channelmask=0x00000000, channelorder=0, peakvolume=0.178261.
[LOG] SystemI::createSoundInternal             : Create name='', mode=0x02000202
[LOG] SystemI::createSoundInternal             : exinfo->cbsize             = 224
[LOG] SystemI::createSoundInternal             : exinfo->length             = 21214080
[LOG] SystemI::createSoundInternal             : exinfo->fileoffset         = 177728
[LOG] SystemI::createSoundInternal             : exinfo->numsubsounds       = 1
[LOG] SystemI::createSoundInternal             : exinfo->inclusionlist      = 000000C9C5FAF178
[LOG] SystemI::createSoundInternal             : exinfo->inclusionlistnum   = 1
[LOG] SystemI::createSoundInternal             : exinfo->suggestedsoundtype = 5
[LOG] SystemI::createSoundInternal             : exinfo->useropen           = 00007FF9AD09D3E0
[LOG] SystemI::createSoundInternal             : exinfo->userclose          = 00007FF9AD09D3A0
[LOG] SystemI::createSoundInternal             : exinfo->userread           = 00007FF9AD09D4C0
[LOG] SystemI::createSoundInternal             : exinfo->userseek           = 00007FF9AD09D580
[LOG] SystemI::createSoundInternal             : exinfo->fileuserdata       = 000002434A14C3E8
[LOG] SystemI::createSoundInternal             : exinfo->initialseekpostype = 1
[LOG] SystemI::DSPCodecPoolRegister            : register codec pool for pool type 4
[LOG] SystemI::createSoundInternal             : Sample 0/1: name='BO01 WP01DS - 01-59 - Full 05', format=5, channels=1, frequency=48000, lengthbytes=1696, lengthpcm=10906, pcmblocksize=0, loopstart=0, loopend=0, mode=0x00000000, channelmask=0x00000000, channelorder=0, peakvolume=0.094098.
[LOG] SystemI::createSoundInternal             : Create name='', mode=0x02000202
[LOG] SystemI::createSoundInternal             : exinfo->cbsize             = 224
[LOG] SystemI::createSoundInternal             : exinfo->length             = 21214080
[LOG] SystemI::createSoundInternal             : exinfo->fileoffset         = 177728
[LOG] SystemI::createSoundInternal             : exinfo->numsubsounds       = 1
[LOG] SystemI::createSoundInternal             : exinfo->inclusionlist      = 000000C9C5FAF178
[LOG] SystemI::createSoundInternal             : exinfo->inclusionlistnum   = 1
[LOG] SystemI::createSoundInternal             : exinfo->suggestedsoundtype = 5
[LOG] SystemI::createSoundInternal             : exinfo->useropen           = 00007FF9AD09D3E0
[LOG] SystemI::createSoundInternal             : exinfo->userclose          = 00007FF9AD09D3A0
[LOG] SystemI::createSoundInternal             : exinfo->userread           = 00007FF9AD09D4C0
[LOG] SystemI::createSoundInternal             : exinfo->userseek           = 00007FF9AD09D580
[LOG] SystemI::createSoundInternal             : exinfo->fileuserdata       = 000002434A14C3E8
[LOG] SystemI::createSoundInternal             : exinfo->initialseekpostype = 1
[LOG] SystemI::DSPCodecPoolRegister            : register codec pool for pool type 4
[LOG] SystemI::createSoundInternal             : Sample 0/1: name='BO01 CC01D S - 01-59 - Full 12', format=5, channels=1, frequency=48000, lengthbytes=2944, lengthpcm=17729, pcmblocksize=0, loopstart=0, loopend=0, mode=0x00000000, channelmask=0x00000000, channelorder=0, peakvolume=0.350860.
[LOG] SystemI::createSoundInternal             : Create name='', mode=0x02000202
[LOG] SystemI::createSoundInternal             : exinfo->cbsize             = 224
[LOG] SystemI::createSoundInternal             : exinfo->length             = 21214080
[LOG] SystemI::createSoundInternal             : exinfo->fileoffset         = 177728
[LOG] SystemI::createSoundInternal             : exinfo->numsubsounds       = 1
[LOG] SystemI::createSoundInternal             : exinfo->inclusionlist      = 000000C9C5FAF178
[LOG] SystemI::createSoundInternal             : exinfo->inclusionlistnum   = 1
[LOG] SystemI::createSoundInternal             : exinfo->suggestedsoundtype = 5
[LOG] SystemI::createSoundInternal             : exinfo->useropen           = 00007FF9AD09D3E0
[LOG] SystemI::createSoundInternal             : exinfo->userclose          = 00007FF9AD09D3A0
[LOG] SystemI::createSoundInternal             : exinfo->userread           = 00007FF9AD09D4C0
[LOG] SystemI::createSoundInternal             : exinfo->userseek           = 00007FF9AD09D580
[LOG] SystemI::createSoundInternal             : exinfo->fileuserdata       = 000002434A14C3E8
[LOG] SystemI::createSoundInternal             : exinfo->initialseekpostype = 1
[LOG] SystemI::DSPCodecPoolRegister            : register codec pool for pool type 4
[LOG] SystemI::createSoundInternal             : Sample 0/1: name='FootstepsForest-008', format=5, channels=2, frequency=48000, lengthbytes=2560, lengthpcm=24634, pcmblocksize=0, loopstart=0, loopend=0, mode=0x00000000, channelmask=0x00000000, channelorder=0, peakvolume=0.251189.
[LOG] SystemI::createSoundInternal             : Create name='', mode=0x02000202
[LOG] SystemI::createSoundInternal             : exinfo->cbsize             = 224
[LOG] SystemI::createSoundInternal             : exinfo->length             = 21214080
[LOG] SystemI::createSoundInternal             : exinfo->fileoffset         = 177728
[LOG] SystemI::createSoundInternal             : exinfo->numsubsounds       = 1
[LOG] SystemI::createSoundInternal             : exinfo->inclusionlist      = 000000C9C5FAF178
[LOG] SystemI::createSoundInternal             : exinfo->inclusionlistnum   = 1
[LOG] SystemI::createSoundInternal             : exinfo->suggestedsoundtype = 5
[LOG] SystemI::createSoundInternal             : exinfo->useropen           = 00007FF9AD09D3E0
[LOG] SystemI::createSoundInternal             : exinfo->userclose          = 00007FF9AD09D3A0
[LOG] SystemI::createSoundInternal             : exinfo->userread           = 00007FF9AD09D4C0
[LOG] SystemI::createSoundInternal             : exinfo->userseek           = 00007FF9AD09D580
[LOG] SystemI::createSoundInternal             : exinfo->fileuserdata       = 000002434A14C3E8
[LOG] SystemI::createSoundInternal             : exinfo->initialseekpostype = 1
[LOG] SystemI::DSPCodecPoolRegister            : register codec pool for pool type 4
[LOG] SystemI::createSoundInternal             : Sample 0/1: name='B01 S01DS - 01-59 - Full 10', format=5, channels=1, frequency=48000, lengthbytes=1856, lengthpcm=9600, pcmblocksize=0, loopstart=0, loopend=0, mode=0x00000000, channelmask=0x00000000, channelorder=0, peakvolume=0.133347.
[LOG] SystemI::createSoundInternal             : Create name='', mode=0x02000202
[LOG] SystemI::createSoundInternal             : exinfo->cbsize             = 224
[LOG] SystemI::createSoundInternal             : exinfo->length             = 21214080
[LOG] SystemI::createSoundInternal             : exinfo->fileoffset         = 177728
[LOG] SystemI::createSoundInternal             : exinfo->numsubsounds       = 1
[LOG] SystemI::createSoundInternal             : exinfo->inclusionlist      = 000000C9C5FAF178
[LOG] SystemI::createSoundInternal             : exinfo->inclusionlistnum   = 1
[LOG] SystemI::createSoundInternal             : exinfo->suggestedsoundtype = 5
[LOG] SystemI::createSoundInternal             : exinfo->useropen           = 00007FF9AD09D3E0
[LOG] SystemI::createSoundInternal             : exinfo->userclose          = 00007FF9AD09D3A0
[LOG] SystemI::createSoundInternal             : exinfo->userread           = 00007FF9AD09D4C0
[LOG] SystemI::createSoundInternal             : exinfo->userseek           = 00007FF9AD09D580
[LOG] SystemI::createSoundInternal             : exinfo->fileuserdata       = 000002434A14C3E8
[LOG] SystemI::createSoundInternal             : exinfo->initialseekpostype = 1
[LOG] SystemI::DSPCodecPoolRegister            : register codec pool for pool type 4
[LOG] SystemI::createSoundInternal             : Sample 0/1: name='FootstepsForest-003', format=5, channels=2, frequency=48000, lengthbytes=2656, lengthpcm=22369, pcmblocksize=0, loopstart=0, loopend=0, mode=0x00000000, channelmask=0x00000000, channelorder=0, peakvolume=0.251189.
[LOG] SystemI::createSoundInternal             : Create name='', mode=0x02000202
[LOG] SystemI::createSoundInternal             : exinfo->cbsize             = 224
[LOG] SystemI::createSoundInternal             : exinfo->length             = 21214080
[LOG] SystemI::createSoundInternal             : exinfo->fileoffset         = 177728
[LOG] SystemI::createSoundInternal             : exinfo->numsubsounds       = 1
[LOG] SystemI::createSoundInternal             : exinfo->inclusionlist      = 000000C9C5FAF178
[LOG] SystemI::createSoundInternal             : exinfo->inclusionlistnum   = 1
[LOG] SystemI::createSoundInternal             : exinfo->suggestedsoundtype = 5
[LOG] SystemI::createSoundInternal             : exinfo->useropen           = 00007FF9AD09D3E0
[LOG] SystemI::createSoundInternal             : exinfo->userclose          = 00007FF9AD09D3A0
[LOG] SystemI::createSoundInternal             : exinfo->userread           = 00007FF9AD09D4C0
[LOG] SystemI::createSoundInternal             : exinfo->userseek           = 00007FF9AD09D580
[LOG] SystemI::createSoundInternal             : exinfo->fileuserdata       = 000002434A14C3E8
[LOG] SystemI::createSoundInternal             : exinfo->initialseekpostype = 1
[LOG] SystemI::DSPCodecPoolRegister            : register codec pool for pool type 4
[LOG] SystemI::createSoundInternal             : Sample 0/1: name='FootstepsForest-010', format=5, channels=2, frequency=48000, lengthbytes=2784, lengthpcm=23501, pcmblocksize=0, loopstart=0, loopend=0, mode=0x00000000, channelmask=0x00000000, channelorder=0, peakvolume=0.250969.
[LOG] SystemI::createSoundInternal             : Create name='', mode=0x02000202
[LOG] SystemI::createSoundInternal             : exinfo->cbsize             = 224
[LOG] SystemI::createSoundInternal             : exinfo->length             = 21214080
[LOG] SystemI::createSoundInternal             : exinfo->fileoffset         = 177728
[LOG] SystemI::createSoundInternal             : exinfo->numsubsounds       = 1
[LOG] SystemI::createSoundInternal             : exinfo->inclusionlist      = 000000C9C5FAF178
[LOG] SystemI::createSoundInternal             : exinfo->inclusionlistnum   = 1
[LOG] SystemI::createSoundInternal             : exinfo->suggestedsoundtype = 5
[LOG] SystemI::createSoundInternal             : exinfo->useropen           = 00007FF9AD09D3E0
[LOG] SystemI::createSoundInternal             : exinfo->userclose          = 00007FF9AD09D3A0
[LOG] SystemI::createSoundInternal             : exinfo->userread           = 00007FF9AD09D4C0
[LOG] SystemI::createSoundInternal             : exinfo->userseek           = 00007FF9AD09D580
[LOG] SystemI::createSoundInternal             : exinfo->fileuserdata       = 000002434A14C3E8
[LOG] SystemI::createSoundInternal             : exinfo->initialseekpostype = 1
[LOG] SystemI::DSPCodecPoolRegister            : register codec pool for pool type 4
[LOG] SystemI::createSoundInternal             : Sample 0/1: name='B01 S01DS - 01-59 - Full 12', format=5, channels=1, frequency=48000, lengthbytes=2400, lengthpcm=12656, pcmblocksize=0, loopstart=0, loopend=0, mode=0x00000000, channelmask=0x00000000, channelorder=0, peakvolume=0.161277.
[LOG] SystemI::createSoundInternal             : Create name='', mode=0x02000202
[LOG] SystemI::createSoundInternal             : exinfo->cbsize             = 224
[LOG] SystemI::createSoundInternal             : exinfo->length             = 21214080
[LOG] SystemI::createSoundInternal             : exinfo->fileoffset         = 177728
[LOG] SystemI::createSoundInternal             : exinfo->numsubsounds       = 1
[LOG] SystemI::createSoundInternal             : exinfo->inclusionlist      = 000000C9C5FAF178
[LOG] SystemI::createSoundInternal             : exinfo->inclusionlistnum   = 1
[LOG] SystemI::createSoundInternal             : exinfo->suggestedsoundtype = 5
[LOG] SystemI::createSoundInternal             : exinfo->useropen           = 00007FF9AD09D3E0
[LOG] SystemI::createSoundInternal             : exinfo->userclose          = 00007FF9AD09D3A0
[LOG] SystemI::createSoundInternal             : exinfo->userread           = 00007FF9AD09D4C0
[LOG] SystemI::createSoundInternal             : exinfo->userseek           = 00007FF9AD09D580
[LOG] SystemI::createSoundInternal             : exinfo->fileuserdata       = 000002434A14C3E8
[LOG] SystemI::createSoundInternal             : exinfo->initialseekpostype = 1
[LOG] SystemI::DSPCodecPoolRegister            : register codec pool for pool type 4
[LOG] SystemI::createSoundInternal             : Sample 0/1: name='FootstepsForest-005', format=5, channels=2, frequency=48000, lengthbytes=3232, lengthpcm=25767, pcmblocksize=0, loopstart=0, loopend=0, mode=0x00000000, channelmask=0x00000000, channelorder=0, peakvolume=0.179332.
[LOG] SystemI::createSoundInternal             : Create name='', mode=0x02000202
[LOG] SystemI::createSoundInternal             : exinfo->cbsize             = 224
[LOG] SystemI::createSoundInternal             : exinfo->length             = 21214080
[LOG] SystemI::createSoundInternal             : exinfo->fileoffset         = 177728
[LOG] SystemI::createSoundInternal             : exinfo->numsubsounds       = 1
[LOG] SystemI::createSoundInternal             : exinfo->inclusionlist      = 000000C9C5FAF178
[LOG] SystemI::createSoundInternal             : exinfo->inclusionlistnum   = 1
[LOG] SystemI::createSoundInternal             : exinfo->suggestedsoundtype = 5
[LOG] SystemI::createSoundInternal             : exinfo->useropen           = 00007FF9AD09D3E0
[LOG] SystemI::createSoundInternal             : exinfo->userclose          = 00007FF9AD09D3A0
[LOG] SystemI::createSoundInternal             : exinfo->userread           = 00007FF9AD09D4C0
[LOG] SystemI::createSoundInternal             : exinfo->userseek           = 00007FF9AD09D580
[LOG] SystemI::createSoundInternal             : exinfo->fileuserdata       = 000002434A14C3E8
[LOG] SystemI::createSoundInternal             : exinfo->initialseekpostype = 1
[LOG] SystemI::DSPCodecPoolRegister            : register codec pool for pool type 4
[LOG] SystemI::createSoundInternal             : Sample 0/1: name='BO01 CC01D S - 01-59 - Full 17', format=5, channels=1, frequency=48000, lengthbytes=2656, lengthpcm=16670, pcmblocksize=0, loopstart=0, loopend=0, mode=0x00000000, channelmask=0x00000000, channelorder=0, peakvolume=0.285929.
[LOG] SystemI::createSoundInternal             : Create name='', mode=0x02000202
[LOG] SystemI::createSoundInternal             : exinfo->cbsize             = 224
[LOG] SystemI::createSoundInternal             : exinfo->length             = 21214080
[LOG] SystemI::createSoundInternal             : exinfo->fileoffset         = 177728
[LOG] SystemI::createSoundInternal             : exinfo->numsubsounds       = 1
[LOG] SystemI::createSoundInternal             : exinfo->inclusionlist      = 000000C9C5FAF178
[LOG] SystemI::createSoundInternal             : exinfo->inclusionlistnum   = 1
[LOG] SystemI::createSoundInternal             : exinfo->suggestedsoundtype = 5
[LOG] SystemI::createSoundInternal             : exinfo->useropen           = 00007FF9AD09D3E0
[LOG] SystemI::createSoundInternal             : exinfo->userclose          = 00007FF9AD09D3A0
[LOG] SystemI::createSoundInternal             : exinfo->userread           = 00007FF9AD09D4C0
[LOG] SystemI::createSoundInternal             : exinfo->userseek           = 00007FF9AD09D580
[LOG] SystemI::createSoundInternal             : exinfo->fileuserdata       = 000002434A14C3E8
[LOG] SystemI::createSoundInternal             : exinfo->initialseekpostype = 1
[LOG] SystemI::DSPCodecPoolRegister            : register codec pool for pool type 4
[LOG] SystemI::createSoundInternal             : Sample 0/1: name='BO01 WP01DS - 01-59 - Full 14', format=5, channels=1, frequency=48000, lengthbytes=2880, lengthpcm=17556, pcmblocksize=0, loopstart=0, loopend=0, mode=0x00000000, channelmask=0x00000000, channelorder=0, peakvolume=0.092798.
[LOG] SystemI::createSoundInternal             : Create name='', mode=0x02000202
[LOG] SystemI::createSoundInternal             : exinfo->cbsize             = 224
[LOG] SystemI::createSoundInternal             : exinfo->length             = 21214080
[LOG] SystemI::createSoundInternal             : exinfo->fileoffset         = 177728
[LOG] SystemI::createSoundInternal             : exinfo->numsubsounds       = 1
[LOG] SystemI::createSoundInternal             : exinfo->inclusionlist      = 000000C9C5FAF178
[LOG] SystemI::createSoundInternal             : exinfo->inclusionlistnum   = 1
[LOG] SystemI::createSoundInternal             : exinfo->suggestedsoundtype = 5
[LOG] SystemI::createSoundInternal             : exinfo->useropen           = 00007FF9AD09D3E0
[LOG] SystemI::createSoundInternal             : exinfo->userclose          = 00007FF9AD09D3A0
[LOG] SystemI::createSoundInternal             : exinfo->userread           = 00007FF9AD09D4C0
[LOG] SystemI::createSoundInternal             : exinfo->userseek           = 00007FF9AD09D580
[LOG] SystemI::createSoundInternal             : exinfo->fileuserdata       = 000002434A14C3E8
[LOG] SystemI::createSoundInternal             : exinfo->initialseekpostype = 1
[LOG] SystemI::DSPCodecPoolRegister            : register codec pool for pool type 4
[LOG] SystemI::createSoundInternal             : Sample 0/1: name='BO01 CC01D S - 01-59 - Full 18', format=5, channels=1, frequency=48000, lengthbytes=3200, lengthpcm=18662, pcmblocksize=0, loopstart=0, loopend=0, mode=0x00000000, channelmask=0x00000000, channelorder=0, peakvolume=0.162008.
[LOG] SystemI::createSoundInternal             : Create name='', mode=0x02000202
[LOG] SystemI::createSoundInternal             : exinfo->cbsize             = 224
[LOG] SystemI::createSoundInternal             : exinfo->length             = 21214080
[LOG] SystemI::createSoundInternal             : exinfo->fileoffset         = 177728
[LOG] SystemI::createSoundInternal             : exinfo->numsubsounds       = 1
[LOG] SystemI::createSoundInternal             : exinfo->inclusionlist      = 000000C9C5FAF178
[LOG] SystemI::createSoundInternal             : exinfo->inclusionlistnum   = 1
[LOG] SystemI::createSoundInternal             : exinfo->suggestedsoundtype = 5
[LOG] SystemI::createSoundInternal             : exinfo->useropen           = 00007FF9AD09D3E0
[LOG] SystemI::createSoundInternal             : exinfo->userclose          = 00007FF9AD09D3A0
[LOG] SystemI::createSoundInternal             : exinfo->userread           = 00007FF9AD09D4C0
[LOG] SystemI::createSoundInternal             : exinfo->userseek           = 00007FF9AD09D580
[LOG] SystemI::createSoundInternal             : exinfo->fileuserdata       = 000002434A14C3E8
[LOG] SystemI::createSoundInternal             : exinfo->initialseekpostype = 1
[LOG] SystemI::DSPCodecPoolRegister            : register codec pool for pool type 4
[LOG] SystemI::createSoundInternal             : Sample 0/1: name='BO01 WP01DS - 01-59 - Full 13', format=5, channels=1, frequency=48000, lengthbytes=1600, lengthpcm=10528, pcmblocksize=0, loopstart=0, loopend=0, mode=0x00000000, channelmask=0x00000000, channelorder=0, peakvolume=0.018109.
[LOG] SystemI::createSoundInternal             : Create name='', mode=0x02000202
[LOG] SystemI::createSoundInternal             : exinfo->cbsize             = 224
[LOG] SystemI::createSoundInternal             : exinfo->length             = 21214080
[LOG] SystemI::createSoundInternal             : exinfo->fileoffset         = 177728
[LOG] SystemI::createSoundInternal             : exinfo->numsubsounds       = 1
[LOG] SystemI::createSoundInternal             : exinfo->inclusionlist      = 000000C9C5FAF178
[LOG] SystemI::createSoundInternal             : exinfo->inclusionlistnum   = 1
[LOG] SystemI::createSoundInternal             : exinfo->suggestedsoundtype = 5
[LOG] SystemI::createSoundInternal             : exinfo->useropen           = 00007FF9AD09D3E0
[LOG] SystemI::createSoundInternal             : exinfo->userclose          = 00007FF9AD09D3A0
[LOG] SystemI::createSoundInternal             : exinfo->userread           = 00007FF9AD09D4C0
[LOG] SystemI::createSoundInternal             : exinfo->userseek           = 00007FF9AD09D580
[LOG] SystemI::createSoundInternal             : exinfo->fileuserdata       = 000002434A14C3E8
[LOG] SystemI::createSoundInternal             : exinfo->initialseekpostype = 1
[LOG] SystemI::DSPCodecPoolRegister            : register codec pool for pool type 4
[LOG] SystemI::createSoundInternal             : Sample 0/1: name='B01 S01DS - 01-59 - Full 08', format=5, channels=1, frequency=48000, lengthbytes=2432, lengthpcm=14052, pcmblocksize=0, loopstart=0, loopend=0, mode=0x00000000, channelmask=0x00000000, channelorder=0, peakvolume=0.249727.
[LOG] SystemI::createSoundInternal             : Create name='', mode=0x02000202
[LOG] SystemI::createSoundInternal             : exinfo->cbsize             = 224
[LOG] SystemI::createSoundInternal             : exinfo->length             = 21214080
[LOG] SystemI::createSoundInternal             : exinfo->fileoffset         = 177728
[LOG] SystemI::createSoundInternal             : exinfo->numsubsounds       = 1
[LOG] SystemI::createSoundInternal             : exinfo->inclusionlist      = 000000C9C5FAF178
[LOG] SystemI::createSoundInternal             : exinfo->inclusionlistnum   = 1
[LOG] SystemI::createSoundInternal             : exinfo->suggestedsoundtype = 5
[LOG] SystemI::createSoundInternal             : exinfo->useropen           = 00007FF9AD09D3E0
[LOG] SystemI::createSoundInternal             : exinfo->userclose          = 00007FF9AD09D3A0
[LOG] SystemI::createSoundInternal             : exinfo->userread           = 00007FF9AD09D4C0
[LOG] SystemI::createSoundInternal             : exinfo->userseek           = 00007FF9AD09D580
[LOG] SystemI::createSoundInternal             : exinfo->fileuserdata       = 000002434A14C3E8
[LOG] SystemI::createSoundInternal             : exinfo->initialseekpostype = 1
[LOG] SystemI::DSPCodecPoolRegister            : register codec pool for pool type 4
[LOG] SystemI::createSoundInternal             : Sample 0/1: name='BO01 CC01D S - 01-59 - Full 08', format=5, channels=1, frequency=48000, lengthbytes=3328, lengthpcm=19298, pcmblocksize=0, loopstart=0, loopend=0, mode=0x00000000, channelmask=0x00000000, channelorder=0, peakvolume=0.142725.
[LOG] SystemI::createSoundInternal             : Create name='', mode=0x02000202
[LOG] SystemI::createSoundInternal             : exinfo->cbsize             = 224
[LOG] SystemI::createSoundInternal             : exinfo->length             = 21214080
[LOG] SystemI::createSoundInternal             : exinfo->fileoffset         = 177728
[LOG] SystemI::createSoundInternal             : exinfo->numsubsounds       = 1
[LOG] SystemI::createSoundInternal             : exinfo->inclusionlist      = 000000C9C5FAF178
[LOG] SystemI::createSoundInternal             : exinfo->inclusionlistnum   = 1
[LOG] SystemI::createSoundInternal             : exinfo->suggestedsoundtype = 5
[LOG] SystemI::createSoundInternal             : exinfo->useropen           = 00007FF9AD09D3E0
[LOG] SystemI::createSoundInternal             : exinfo->userclose          = 00007FF9AD09D3A0
[LOG] SystemI::createSoundInternal             : exinfo->userread           = 00007FF9AD09D4C0
[LOG] SystemI::createSoundInternal             : exinfo->userseek           = 00007FF9AD09D580
[LOG] SystemI::createSoundInternal             : exinfo->fileuserdata       = 000002434A14C3E8
[LOG] SystemI::createSoundInternal             : exinfo->initialseekpostype = 1
[LOG] SystemI::DSPCodecPoolRegister            : register codec pool for pool type 4
[LOG] SystemI::createSoundInternal             : Sample 0/1: name='B01 S01DS - 01-59 - Full 13', format=5, channels=1, frequency=48000, lengthbytes=2336, lengthpcm=12160, pcmblocksize=0, loopstart=0, loopend=0, mode=0x00000000, channelmask=0x00000000, channelorder=0, peakvolume=0.094485.
[LOG] SystemI::createSoundInternal             : Create name='', mode=0x02000202
[LOG] SystemI::createSoundInternal             : exinfo->cbsize             = 224
[LOG] SystemI::createSoundInternal             : exinfo->length             = 21214080
[LOG] SystemI::createSoundInternal             : exinfo->fileoffset         = 177728
[LOG] SystemI::createSoundInternal             : exinfo->numsubsounds       = 1
[LOG] SystemI::createSoundInternal             : exinfo->inclusionlist      = 000000C9C5FAF178
[LOG] SystemI::createSoundInternal             : exinfo->inclusionlistnum   = 1
[LOG] SystemI::createSoundInternal             : exinfo->suggestedsoundtype = 5
[LOG] SystemI::createSoundInternal             : exinfo->useropen           = 00007FF9AD09D3E0
[LOG] SystemI::createSoundInternal             : exinfo->userclose          = 00007FF9AD09D3A0
[LOG] SystemI::createSoundInternal             : exinfo->userread           = 00007FF9AD09D4C0
[LOG] SystemI::createSoundInternal             : exinfo->userseek           = 00007FF9AD09D580
[LOG] SystemI::createSoundInternal             : exinfo->fileuserdata       = 000002434A14C3E8
[LOG] SystemI::createSoundInternal             : exinfo->initialseekpostype = 1
[LOG] SystemI::DSPCodecPoolRegister            : register codec pool for pool type 4
[LOG] SystemI::createSoundInternal             : Sample 0/1: name='BO01 CC01D S - 01-59 - Full 14', format=5, channels=1, frequency=48000, lengthbytes=2784, lengthpcm=16999, pcmblocksize=0, loopstart=0, loopend=0, mode=0x00000000, channelmask=0x00000000, channelorder=0, peakvolume=0.106194.
[LOG] SystemI::createSoundInternal             : Create name='', mode=0x02000202
[LOG] SystemI::createSoundInternal             : exinfo->cbsize             = 224
[LOG] SystemI::createSoundInternal             : exinfo->length             = 21214080
[LOG] SystemI::createSoundInternal             : exinfo->fileoffset         = 177728
[LOG] SystemI::createSoundInternal             : exinfo->numsubsounds       = 1
[LOG] SystemI::createSoundInternal             : exinfo->inclusionlist      = 000000C9C5FAF178
[LOG] SystemI::createSoundInternal             : exinfo->inclusionlistnum   = 1
[LOG] SystemI::createSoundInternal             : exinfo->suggestedsoundtype = 5
[LOG] SystemI::createSoundInternal             : exinfo->useropen           = 00007FF9AD09D3E0
[LOG] SystemI::createSoundInternal             : exinfo->userclose          = 00007FF9AD09D3A0
[LOG] SystemI::createSoundInternal             : exinfo->userread           = 00007FF9AD09D4C0
[LOG] SystemI::createSoundInternal             : exinfo->userseek           = 00007FF9AD09D580
[LOG] SystemI::createSoundInternal             : exinfo->fileuserdata       = 000002434A14C3E8
[LOG] SystemI::createSoundInternal             : exinfo->initialseekpostype = 1
[LOG] SystemI::DSPCodecPoolRegister            : register codec pool for pool type 4
[LOG] SystemI::createSoundInternal             : Sample 0/1: name='BO01 CC01D S - 01-59 - Full 06', format=5, channels=1, frequency=48000, lengthbytes=2336, lengthpcm=14715, pcmblocksize=0, loopstart=0, loopend=0, mode=0x00000000, channelmask=0x00000000, channelorder=0, peakvolume=0.327412.
[LOG] SystemI::createSoundInternal             : Create name='', mode=0x02000202
[LOG] SystemI::createSoundInternal             : exinfo->cbsize             = 224
[LOG] SystemI::createSoundInternal             : exinfo->length             = 21214080
[LOG] SystemI::createSoundInternal             : exinfo->fileoffset         = 177728
[LOG] SystemI::createSoundInternal             : exinfo->numsubsounds       = 1
[LOG] SystemI::createSoundInternal             : exinfo->inclusionlist      = 000000C9C5FAF178
[LOG] SystemI::createSoundInternal             : exinfo->inclusionlistnum   = 1
[LOG] SystemI::createSoundInternal             : exinfo->suggestedsoundtype = 5
[LOG] SystemI::createSoundInternal             : exinfo->useropen           = 00007FF9AD09D3E0
[LOG] SystemI::createSoundInternal             : exinfo->userclose          = 00007FF9AD09D3A0
[LOG] SystemI::createSoundInternal             : exinfo->userread           = 00007FF9AD09D4C0
[LOG] SystemI::createSoundInternal             : exinfo->userseek           = 00007FF9AD09D580
[LOG] SystemI::createSoundInternal             : exinfo->fileuserdata       = 000002434A14C3E8
[LOG] SystemI::createSoundInternal             : exinfo->initialseekpostype = 1
[LOG] SystemI::DSPCodecPoolRegister            : register codec pool for pool type 4
[LOG] SystemI::createSoundInternal             : Sample 0/1: name='B01 S01DS - 01-59 - Full 03', format=5, channels=1, frequency=48000, lengthbytes=2400, lengthpcm=13260, pcmblocksize=0, loopstart=0, loopend=0, mode=0x00000000, channelmask=0x00000000, channelorder=0, peakvolume=0.089417.
[LOG] SystemI::createSoundInternal             : Create name='', mode=0x02000202
[LOG] SystemI::createSoundInternal             : exinfo->cbsize             = 224
[LOG] SystemI::createSoundInternal             : exinfo->length             = 21214080
[LOG] SystemI::createSoundInternal             : exinfo->fileoffset         = 177728
[LOG] SystemI::createSoundInternal             : exinfo->numsubsounds       = 1
[LOG] SystemI::createSoundInternal             : exinfo->inclusionlist      = 000000C9C5FAF178
[LOG] SystemI::createSoundInternal             : exinfo->inclusionlistnum   = 1
[LOG] SystemI::createSoundInternal             : exinfo->suggestedsoundtype = 5
[LOG] SystemI::createSoundInternal             : exinfo->useropen           = 00007FF9AD09D3E0
[LOG] SystemI::createSoundInternal             : exinfo->userclose          = 00007FF9AD09D3A0
[LOG] SystemI::createSoundInternal             : exinfo->userread           = 00007FF9AD09D4C0
[LOG] SystemI::createSoundInternal             : exinfo->userseek           = 00007FF9AD09D580
[LOG] SystemI::createSoundInternal             : exinfo->fileuserdata       = 000002415CA72428
[LOG] SystemI::createSoundInternal             : exinfo->initialseekpostype = 1
[LOG] SystemI::DSPCodecPoolRegister            : register codec pool for pool type 4
[LOG] SystemI::createSoundInternal             : Sample 0/1: name='Woosh-002', format=5, channels=2, frequency=48000, lengthbytes=5888, lengthpcm=21605, pcmblocksize=0, loopstart=0, loopend=0, mode=0x00000000, channelmask=0x00000000, channelorder=0, peakvolume=0.249147.
[LOG] SystemI::createSoundInternal             : Create name='', mode=0x02000202
[LOG] SystemI::createSoundInternal             : exinfo->cbsize             = 224
[LOG] SystemI::createSoundInternal             : exinfo->length             = 21214080
[LOG] SystemI::createSoundInternal             : exinfo->fileoffset         = 177728
[LOG] SystemI::createSoundInternal             : exinfo->numsubsounds       = 1
[LOG] SystemI::createSoundInternal             : exinfo->inclusionlist      = 000000C9C5FAF178
[LOG] SystemI::createSoundInternal             : exinfo->inclusionlistnum   = 1
[LOG] SystemI::createSoundInternal             : exinfo->suggestedsoundtype = 5
[LOG] SystemI::createSoundInternal             : exinfo->useropen           = 00007FF9AD09D3E0
[LOG] SystemI::createSoundInternal             : exinfo->userclose          = 00007FF9AD09D3A0
[LOG] SystemI::createSoundInternal             : exinfo->userread           = 00007FF9AD09D4C0
[LOG] SystemI::createSoundInternal             : exinfo->userseek           = 00007FF9AD09D580
[LOG] SystemI::createSoundInternal             : exinfo->fileuserdata       = 000002415CA72428
[LOG] SystemI::createSoundInternal             : exinfo->initialseekpostype = 1
[LOG] SystemI::DSPCodecPoolRegister            : register codec pool for pool type 4
[LOG] SystemI::createSoundInternal             : Sample 0/1: name='Woosh-004', format=5, channels=2, frequency=48000, lengthbytes=6272, lengthpcm=21977, pcmblocksize=0, loopstart=0, loopend=0, mode=0x00000000, channelmask=0x00000000, channelorder=0, peakvolume=0.251189.
[LOG] SystemI::createSoundInternal             : Create name='', mode=0x02000202
[LOG] SystemI::createSoundInternal             : exinfo->cbsize             = 224
[LOG] SystemI::createSoundInternal             : exinfo->length             = 21214080
[LOG] SystemI::createSoundInternal             : exinfo->fileoffset         = 177728
[LOG] SystemI::createSoundInternal             : exinfo->numsubsounds       = 1
[LOG] SystemI::createSoundInternal             : exinfo->inclusionlist      = 000000C9C5FAF178
[LOG] SystemI::createSoundInternal             : exinfo->inclusionlistnum   = 1
[LOG] SystemI::createSoundInternal             : exinfo->suggestedsoundtype = 5
[LOG] SystemI::createSoundInternal             : exinfo->useropen           = 00007FF9AD09D3E0
[LOG] SystemI::createSoundInternal             : exinfo->userclose          = 00007FF9AD09D3A0
[LOG] SystemI::createSoundInternal             : exinfo->userread           = 00007FF9AD09D4C0
[LOG] SystemI::createSoundInternal             : exinfo->userseek           = 00007FF9AD09D580
[LOG] SystemI::createSoundInternal             : exinfo->fileuserdata       = 000002415CA72428
[LOG] SystemI::createSoundInternal             : exinfo->initialseekpostype = 1
[LOG] SystemI::DSPCodecPoolRegister            : register codec pool for pool type 4
[LOG] SystemI::createSoundInternal             : Sample 0/1: name='Woosh-001', format=5, channels=2, frequency=48000, lengthbytes=5504, lengthpcm=19743, pcmblocksize=0, loopstart=0, loopend=0, mode=0x00000000, channelmask=0x00000000, channelorder=0, peakvolume=0.251189.
[LOG] SystemI::createSoundInternal             : Create name='', mode=0x02000202
[LOG] SystemI::createSoundInternal             : exinfo->cbsize             = 224
[LOG] SystemI::createSoundInternal             : exinfo->length             = 21214080
[LOG] SystemI::createSoundInternal             : exinfo->fileoffset         = 177728
[LOG] SystemI::createSoundInternal             : exinfo->numsubsounds       = 1
[LOG] SystemI::createSoundInternal             : exinfo->inclusionlist      = 000000C9C5FAF178
[LOG] SystemI::createSoundInternal             : exinfo->inclusionlistnum   = 1
[LOG] SystemI::createSoundInternal             : exinfo->suggestedsoundtype = 5
[LOG] SystemI::createSoundInternal             : exinfo->useropen           = 00007FF9AD09D3E0
[LOG] SystemI::createSoundInternal             : exinfo->userclose          = 00007FF9AD09D3A0
[LOG] SystemI::createSoundInternal             : exinfo->userread           = 00007FF9AD09D4C0
[LOG] SystemI::createSoundInternal             : exinfo->userseek           = 00007FF9AD09D580
[LOG] SystemI::createSoundInternal             : exinfo->fileuserdata       = 000002415CA72428
[LOG] SystemI::createSoundInternal             : exinfo->initialseekpostype = 1
[LOG] SystemI::DSPCodecPoolRegister            : register codec pool for pool type 4
[LOG] SystemI::createSoundInternal             : Sample 0/1: name='Woosh-003', format=5, channels=2, frequency=48000, lengthbytes=6688, lengthpcm=23840, pcmblocksize=0, loopstart=0, loopend=0, mode=0x00000000, channelmask=0x00000000, channelorder=0, peakvolume=0.247595.
[LOG] SoundI::release                          :  (000002415E0D4AE8)
[LOG] SoundI::release                          :     Woosh-001 (0000024218F03D78)
[LOG] SoundI::release                          :  (00000241595361B8)
[LOG] SoundI::release                          :     Woosh-002 (0000024218F03A78)
[LOG] SoundI::release                          :  (000002415E0D55E8)
[LOG] SoundI::release                          :     Woosh-003 (0000024218F056F8)
[LOG] SoundI::release                          :  (000002415E0D5488)
[LOG] SoundI::release                          :     Woosh-004 (0000024218F04678)
[LOG] SoundI::release                          :  (0000023FB10E7128)
[LOG] SoundI::release                          :     FootstepsForest-001 (0000023FB136F8F8)
[LOG] SoundI::release                          :  (000002415C32F618)
[LOG] SoundI::release                          :     FootstepsForest-002 (0000024320FFE148)
[LOG] SoundI::release                          :  (0000024304D71A18)
[LOG] SoundI::release                          :     FootstepsForest-003 (0000023FB4BC1948)
[LOG] SoundI::release                          :  (000002415C32FCF8)
[LOG] SoundI::release                          :     FootstepsForest-004 (0000024321002C48)
[LOG] SoundI::release                          :  (00000243FA61ED78)
[LOG] SoundI::release                          :     FootstepsForest-005 (0000023FB4BC2248)
[LOG] SoundI::release                          :  (0000023FB10E6FC8)
[LOG] SoundI::release                          :     FootstepsForest-006 (0000023FB136F5F8)
[LOG] SoundI::release                          :  (000002431D32A148)
[LOG] SoundI::release                          :     FootstepsForest-007 (0000024321006548)
[LOG] SoundI::release                          :  (0000024304D71E38)
[LOG] SoundI::release                          :     FootstepsForest-008 (0000023FB4BC1648)
[LOG] SoundI::release                          :  (0000024160B268E8)
[LOG] SoundI::release                          :     FootstepsForest-009 (0000024321005C48)
[LOG] SystemI::createSoundInternal             : Create name='', mode=0x02000202
[LOG] SystemI::createSoundInternal             : exinfo->cbsize             = 224
[LOG] SystemI::createSoundInternal             : exinfo->length             = 21214080
[LOG] SystemI::createSoundInternal             : exinfo->fileoffset         = 177728
[LOG] SystemI::createSoundInternal             : exinfo->numsubsounds       = 1
[LOG] SystemI::createSoundInternal             : exinfo->inclusionlist      = 000000C9C5FAF178
[LOG] SystemI::createSoundInternal             : exinfo->inclusionlistnum   = 1
[LOG] SystemI::createSoundInternal             : exinfo->suggestedsoundtype = 5
[LOG] SystemI::createSoundInternal             : exinfo->useropen           = 00007FF9AD09D3E0
[LOG] SystemI::createSoundInternal             : exinfo->userclose          = 00007FF9AD09D3A0
[LOG] SystemI::createSoundInternal             : exinfo->userread           = 00007FF9AD09D4C0
[LOG] SystemI::createSoundInternal             : exinfo->userseek           = 00007FF9AD09D580
[LOG] SystemI::createSoundInternal             : exinfo->fileuserdata       = 000002434A14AD38
[LOG] SystemI::createSoundInternal             : exinfo->initialseekpostype = 1
[LOG] SystemI::DSPCodecPoolRegister            : register codec pool for pool type 4
[LOG] SystemI::createSoundInternal             : Sample 0/1: name='ToolImpactStaff-007', format=5, channels=2, frequency=48000, lengthbytes=5504, lengthpcm=25092, pcmblocksize=0, loopstart=0, loopend=0, mode=0x00000000, channelmask=0x00000000, channelorder=0, peakvolume=0.251189.
[LOG] SystemI::createSoundInternal             : Create name='', mode=0x02000202
[LOG] SystemI::createSoundInternal             : exinfo->cbsize             = 224
[LOG] SystemI::createSoundInternal             : exinfo->length             = 21214080
[LOG] SystemI::createSoundInternal             : exinfo->fileoffset         = 177728
[LOG] SystemI::createSoundInternal             : exinfo->numsubsounds       = 1
[LOG] SystemI::createSoundInternal             : exinfo->inclusionlist      = 000000C9C5FAF178
[LOG] SystemI::createSoundInternal             : exinfo->inclusionlistnum   = 1
[LOG] SystemI::createSoundInternal             : exinfo->suggestedsoundtype = 5
[LOG] SystemI::createSoundInternal             : exinfo->useropen           = 00007FF9AD09D3E0
[LOG] SystemI::createSoundInternal             : exinfo->userclose          = 00007FF9AD09D3A0
[LOG] SystemI::createSoundInternal             : exinfo->userread           = 00007FF9AD09D4C0
[LOG] SystemI::createSoundInternal             : exinfo->userseek           = 00007FF9AD09D580
[LOG] SystemI::createSoundInternal             : exinfo->fileuserdata       = 000002434A14AD38
[LOG] SystemI::createSoundInternal             : exinfo->initialseekpostype = 1
[LOG] SystemI::DSPCodecPoolRegister            : register codec pool for pool type 4
[LOG] SystemI::createSoundInternal             : Sample 0/1: name='ToolImpactStaff-010', format=5, channels=2, frequency=48000, lengthbytes=5024, lengthpcm=24709, pcmblocksize=0, loopstart=0, loopend=0, mode=0x00000000, channelmask=0x00000000, channelorder=0, peakvolume=0.250688.
[LOG] SystemI::createSoundInternal             : Create name='', mode=0x02000202
[LOG] SystemI::createSoundInternal             : exinfo->cbsize             = 224
[LOG] SystemI::createSoundInternal             : exinfo->length             = 21214080
[LOG] SystemI::createSoundInternal             : exinfo->fileoffset         = 177728
[LOG] SystemI::createSoundInternal             : exinfo->numsubsounds       = 1
[LOG] SystemI::createSoundInternal             : exinfo->inclusionlist      = 000000C9C5FAF178
[LOG] SystemI::createSoundInternal             : exinfo->inclusionlistnum   = 1
[LOG] SystemI::createSoundInternal             : exinfo->suggestedsoundtype = 5
[LOG] SystemI::createSoundInternal             : exinfo->useropen           = 00007FF9AD09D3E0
[LOG] SystemI::createSoundInternal             : exinfo->userclose          = 00007FF9AD09D3A0
[LOG] SystemI::createSoundInternal             : exinfo->userread           = 00007FF9AD09D4C0
[LOG] SystemI::createSoundInternal             : exinfo->userseek           = 00007FF9AD09D580
[LOG] SystemI::createSoundInternal             : exinfo->fileuserdata       = 000002434A14AD38
[LOG] SystemI::createSoundInternal             : exinfo->initialseekpostype = 1
[LOG] SystemI::DSPCodecPoolRegister            : register codec pool for pool type 4
[LOG] SystemI::createSoundInternal             : Sample 0/1: name='ToolImpactStaff-009', format=5, channels=2, frequency=48000, lengthbytes=5312, lengthpcm=22877, pcmblocksize=0, loopstart=0, loopend=0, mode=0x00000000, channelmask=0x00000000, channelorder=0, peakvolume=0.245209.
[LOG] SystemI::createSoundInternal             : Create name='', mode=0x02000202
[LOG] SystemI::createSoundInternal             : exinfo->cbsize             = 224
[LOG] SystemI::createSoundInternal             : exinfo->length             = 21214080
[LOG] SystemI::createSoundInternal             : exinfo->fileoffset         = 177728
[LOG] SystemI::createSoundInternal             : exinfo->numsubsounds       = 1
[LOG] SystemI::createSoundInternal             : exinfo->inclusionlist      = 000000C9C5FAF178
[LOG] SystemI::createSoundInternal             : exinfo->inclusionlistnum   = 1
[LOG] SystemI::createSoundInternal             : exinfo->suggestedsoundtype = 5
[LOG] SystemI::createSoundInternal             : exinfo->useropen           = 00007FF9AD09D3E0
[LOG] SystemI::createSoundInternal             : exinfo->userclose          = 00007FF9AD09D3A0
[LOG] SystemI::createSoundInternal             : exinfo->userread           = 00007FF9AD09D4C0
[LOG] SystemI::createSoundInternal             : exinfo->userseek           = 00007FF9AD09D580
[LOG] SystemI::createSoundInternal             : exinfo->fileuserdata       = 000002434A14AD38
[LOG] SystemI::createSoundInternal             : exinfo->initialseekpostype = 1
[LOG] SystemI::DSPCodecPoolRegister            : register codec pool for pool type 4
[LOG] SystemI::createSoundInternal             : Sample 0/1: name='ToolImpactStaff-008', format=5, channels=2, frequency=48000, lengthbytes=5152, lengthpcm=26568, pcmblocksize=0, loopstart=0, loopend=0, mode=0x00000000, channelmask=0x00000000, channelorder=0, peakvolume=0.239596.
[LOG] SystemI::createSoundInternal             : Create name='', mode=0x02000202
[LOG] SystemI::createSoundInternal             : exinfo->cbsize             = 224
[LOG] SystemI::createSoundInternal             : exinfo->length             = 21214080
[LOG] SystemI::createSoundInternal             : exinfo->fileoffset         = 177728
[LOG] SystemI::createSoundInternal             : exinfo->numsubsounds       = 1
[LOG] SystemI::createSoundInternal             : exinfo->inclusionlist      = 000000C9C5FAF178
[LOG] SystemI::createSoundInternal             : exinfo->inclusionlistnum   = 1
[LOG] SystemI::createSoundInternal             : exinfo->suggestedsoundtype = 5
[LOG] SystemI::createSoundInternal             : exinfo->useropen           = 00007FF9AD09D3E0
[LOG] SystemI::createSoundInternal             : exinfo->userclose          = 00007FF9AD09D3A0
[LOG] SystemI::createSoundInternal             : exinfo->userread           = 00007FF9AD09D4C0
[LOG] SystemI::createSoundInternal             : exinfo->userseek           = 00007FF9AD09D580
[LOG] SystemI::createSoundInternal             : exinfo->fileuserdata       = 000002434A14AD38
[LOG] SystemI::createSoundInternal             : exinfo->initialseekpostype = 1
[LOG] SystemI::DSPCodecPoolRegister            : register codec pool for pool type 4
[LOG] SystemI::createSoundInternal             : Sample 0/1: name='ToolImpactStaff-006', format=5, channels=2, frequency=48000, lengthbytes=5216, lengthpcm=25830, pcmblocksize=0, loopstart=0, loopend=0, mode=0x00000000, channelmask=0x00000000, channelorder=0, peakvolume=0.242278.
[LOG] SystemI::createSoundInternal             : Create name='', mode=0x02000202
[LOG] SystemI::createSoundInternal             : exinfo->cbsize             = 224
[LOG] SystemI::createSoundInternal             : exinfo->length             = 21214080
[LOG] SystemI::createSoundInternal             : exinfo->fileoffset         = 177728
[LOG] SystemI::createSoundInternal             : exinfo->numsubsounds       = 1
[LOG] SystemI::createSoundInternal             : exinfo->inclusionlist      = 000000C9C5FAF178
[LOG] SystemI::createSoundInternal             : exinfo->inclusionlistnum   = 1
[LOG] SystemI::createSoundInternal             : exinfo->suggestedsoundtype = 5
[LOG] SystemI::createSoundInternal             : exinfo->useropen           = 00007FF9AD09D3E0
[LOG] SystemI::createSoundInternal             : exinfo->userclose          = 00007FF9AD09D3A0
[LOG] SystemI::createSoundInternal             : exinfo->userread           = 00007FF9AD09D4C0
[LOG] SystemI::createSoundInternal             : exinfo->userseek           = 00007FF9AD09D580
[LOG] SystemI::createSoundInternal             : exinfo->fileuserdata       = 000002434A14AD38
[LOG] SystemI::createSoundInternal             : exinfo->initialseekpostype = 1
[LOG] SystemI::DSPCodecPoolRegister            : register codec pool for pool type 4
[LOG] SystemI::createSoundInternal             : Sample 0/1: name='ToolImpactStaff-001', format=5, channels=2, frequency=48000, lengthbytes=4960, lengthpcm=25830, pcmblocksize=0, loopstart=0, loopend=0, mode=0x00000000, channelmask=0x00000000, channelorder=0, peakvolume=0.249902.
[LOG] SystemI::createSoundInternal             : Create name='', mode=0x02000202
[LOG] SystemI::createSoundInternal             : exinfo->cbsize             = 224
[LOG] SystemI::createSoundInternal             : exinfo->length             = 21214080
[LOG] SystemI::createSoundInternal             : exinfo->fileoffset         = 177728
[LOG] SystemI::createSoundInternal             : exinfo->numsubsounds       = 1
[LOG] SystemI::createSoundInternal             : exinfo->inclusionlist      = 000000C9C5FAF178
[LOG] SystemI::createSoundInternal             : exinfo->inclusionlistnum   = 1
[LOG] SystemI::createSoundInternal             : exinfo->suggestedsoundtype = 5
[LOG] SystemI::createSoundInternal             : exinfo->useropen           = 00007FF9AD09D3E0
[LOG] SystemI::createSoundInternal             : exinfo->userclose          = 00007FF9AD09D3A0
[LOG] SystemI::createSoundInternal             : exinfo->userread           = 00007FF9AD09D4C0
[LOG] SystemI::createSoundInternal             : exinfo->userseek           = 00007FF9AD09D580
[LOG] SystemI::createSoundInternal             : exinfo->fileuserdata       = 000002434A14AD38
[LOG] SystemI::createSoundInternal             : exinfo->initialseekpostype = 1
[LOG] SystemI::DSPCodecPoolRegister            : register codec pool for pool type 4
[LOG] SystemI::createSoundInternal             : Sample 0/1: name='ToolImpactStaff-005', format=5, channels=2, frequency=48000, lengthbytes=4928, lengthpcm=23615, pcmblocksize=0, loopstart=0, loopend=0, mode=0x00000000, channelmask=0x00000000, channelorder=0, peakvolume=0.251189.
[LOG] SystemI::createSoundInternal             : Create name='', mode=0x02000202
[LOG] SystemI::createSoundInternal             : exinfo->cbsize             = 224
[LOG] SystemI::createSoundInternal             : exinfo->length             = 21214080
[LOG] SystemI::createSoundInternal             : exinfo->fileoffset         = 177728
[LOG] SystemI::createSoundInternal             : exinfo->numsubsounds       = 1
[LOG] SystemI::createSoundInternal             : exinfo->inclusionlist      = 000000C9C5FAF178
[LOG] SystemI::createSoundInternal             : exinfo->inclusionlistnum   = 1
[LOG] SystemI::createSoundInternal             : exinfo->suggestedsoundtype = 5
[LOG] SystemI::createSoundInternal             : exinfo->useropen           = 00007FF9AD09D3E0
[LOG] SystemI::createSoundInternal             : exinfo->userclose          = 00007FF9AD09D3A0
[LOG] SystemI::createSoundInternal             : exinfo->userread           = 00007FF9AD09D4C0
[LOG] SystemI::createSoundInternal             : exinfo->userseek           = 00007FF9AD09D580
[LOG] SystemI::createSoundInternal             : exinfo->fileuserdata       = 000002434A14AD38
[LOG] SystemI::createSoundInternal             : exinfo->initialseekpostype = 1
[LOG] SystemI::DSPCodecPoolRegister            : register codec pool for pool type 4
[LOG] SystemI::createSoundInternal             : Sample 0/1: name='ToolImpactStaff-002', format=5, channels=2, frequency=48000, lengthbytes=5024, lengthpcm=22877, pcmblocksize=0, loopstart=0, loopend=0, mode=0x00000000, channelmask=0x00000000, channelorder=0, peakvolume=0.250166.
[LOG] SystemI::createSoundInternal             : Create name='', mode=0x02000202
[LOG] SystemI::createSoundInternal             : exinfo->cbsize             = 224
[LOG] SystemI::createSoundInternal             : exinfo->length             = 21214080
[LOG] SystemI::createSoundInternal             : exinfo->fileoffset         = 177728
[LOG] SystemI::createSoundInternal             : exinfo->numsubsounds       = 1
[LOG] SystemI::createSoundInternal             : exinfo->inclusionlist      = 000000C9C5FAF178
[LOG] SystemI::createSoundInternal             : exinfo->inclusionlistnum   = 1
[LOG] SystemI::createSoundInternal             : exinfo->suggestedsoundtype = 5
[LOG] SystemI::createSoundInternal             : exinfo->useropen           = 00007FF9AD09D3E0
[LOG] SystemI::createSoundInternal             : exinfo->userclose          = 00007FF9AD09D3A0
[LOG] SystemI::createSoundInternal             : exinfo->userread           = 00007FF9AD09D4C0
[LOG] SystemI::createSoundInternal             : exinfo->userseek           = 00007FF9AD09D580
[LOG] SystemI::createSoundInternal             : exinfo->fileuserdata       = 000002434A14AD38
[LOG] SystemI::createSoundInternal             : exinfo->initialseekpostype = 1
[LOG] SystemI::DSPCodecPoolRegister            : register codec pool for pool type 4
[LOG] SystemI::createSoundInternal             : Sample 0/1: name='ToolImpactStaff-003', format=5, channels=2, frequency=48000, lengthbytes=4928, lengthpcm=24354, pcmblocksize=0, loopstart=0, loopend=0, mode=0x00000000, channelmask=0x00000000, channelorder=0, peakvolume=0.251189.
[LOG] SoundI::release                          :  (0000024304D71758)
[LOG] SoundI::release                          :     FootstepsForest-010 (0000023FB4BC26C8)
[LOG] SoundI::release                          :  (0000024160B260A8)
[LOG] SoundI::release                          :     FootstepsForest-011 (0000024321007A48)
[LOG] SoundI::release                          :  (000002415C32F8D8)
[LOG] SoundI::release                          :     FootstepsForest-012 (0000024321000B48)
[LOG] SoundI::release                          :  (000002431D329D28)
[LOG] SoundI::release                          :     FootstepsForest-013 (00000243210045C8)
[LOG] SoundI::release                          :  (000002431D329388)
[LOG] SoundI::release                          :     B01 S01DS - 01-59 - Full 01 (00000243210060C8)
[LOG] SoundI::release                          :  (000002415C32FE58)
[LOG] SoundI::release                          :     B01 S01DS - 01-59 - Full 02 (0000024321001448)
[LOG] SoundI::release                          :  (0000023FB0AFDD08)
[LOG] SoundI::release                          :     B01 S01DS - 01-59 - Full 03 (0000023FB4BC2848)
[LOG] SoundI::release                          :  (0000024304D715F8)
[LOG] SoundI::release                          :     B01 S01DS - 01-59 - Full 04 (0000024321003548)
[LOG] SoundI::release                          :  (0000024160B26788)
[LOG] SoundI::release                          :     B01 S01DS - 01-59 - Full 05 (0000024321003CC8)
[LOG] SoundI::release                          :  (0000024304D71CD8)
[LOG] SoundI::release                          :     B01 S01DS - 01-59 - Full 06 (00000243210030C8)
[LOG] SoundI::release                          :  (0000023FFED755C8)
[LOG] SoundI::release                          :     B01 S01DS - 01-59 - Full 07 (0000023FB1370978)
[LOG] SoundI::release                          :  (00000243FA61E698)
[LOG] SoundI::release                          :     B01 S01DS - 01-59 - Full 08 (0000023FB4BC1048)
[LOG] SoundI::release                          :  (000002431D329908)
[LOG] SoundI::release                          :     B01 S01DS - 01-59 - Full 09 (0000023FB136D7F8)
[LOG] SoundI::release                          :  (0000024304D71078)
[LOG] SoundI::release                          :     B01 S01DS - 01-59 - Full 10 (0000023FB4BC0D48)
[LOG] SoundI::release                          :  (000002431D578EF8)
[LOG] SoundI::release                          :     B01 S01DS - 01-59 - Full 11 (0000023FB136F178)
[LOG] SoundI::release                          :  (00000243FA61E7F8)
[LOG] SoundI::release                          :     B01 S01DS - 01-59 - Full 12 (0000023FB4BC3448)
[LOG] SoundI::release                          :  (00000243FA61EED8)
[LOG] SoundI::release                          :     B01 S01DS - 01-59 - Full 13 (0000023FB4BC0448)
[LOG] SoundI::release                          :  (000002415C32FFB8)
[LOG] SoundI::release                          :     B01 S01DS - 01-59 - Full 14 (0000024320FFDB48)
[LOG] SoundI::release                          :  (0000024160B26368)
[LOG] SoundI::release                          :     B01 S01DS - 01-59 - Full 15 (0000024321001BC8)
[LOG] SystemI::createSoundInternal             : Create name='', mode=0x02000202
[LOG] SystemI::createSoundInternal             : exinfo->cbsize             = 224
[LOG] SystemI::createSoundInternal             : exinfo->length             = 21214080
[LOG] SystemI::createSoundInternal             : exinfo->fileoffset         = 177728
[LOG] SystemI::createSoundInternal             : exinfo->numsubsounds       = 1
[LOG] SystemI::createSoundInternal             : exinfo->inclusionlist      = 000000C9C5FAF178
[LOG] SystemI::createSoundInternal             : exinfo->inclusionlistnum   = 1
[LOG] SystemI::createSoundInternal             : exinfo->suggestedsoundtype = 5
[LOG] SystemI::createSoundInternal             : exinfo->useropen           = 00007FF9AD09D3E0
[LOG] SystemI::createSoundInternal             : exinfo->userclose          = 00007FF9AD09D3A0
[LOG] SystemI::createSoundInternal             : exinfo->userread           = 00007FF9AD09D4C0
[LOG] SystemI::createSoundInternal             : exinfo->userseek           = 00007FF9AD09D580
[LOG] SystemI::createSoundInternal             : exinfo->fileuserdata       = 000002434A14AD38
[LOG] SystemI::createSoundInternal             : exinfo->initialseekpostype = 1
[LOG] SystemI::DSPCodecPoolRegister            : register codec pool for pool type 4
[LOG] SystemI::createSoundInternal             : Sample 0/1: name='Woosh-002', format=5, channels=2, frequency=48000, lengthbytes=5888, lengthpcm=21605, pcmblocksize=0, loopstart=0, loopend=0, mode=0x00000000, channelmask=0x00000000, channelorder=0, peakvolume=0.249147.
[LOG] SystemI::createSoundInternal             : Create name='', mode=0x02000202
[LOG] SystemI::createSoundInternal             : exinfo->cbsize             = 224
[LOG] SystemI::createSoundInternal             : exinfo->length             = 21214080
[LOG] SystemI::createSoundInternal             : exinfo->fileoffset         = 177728
[LOG] SystemI::createSoundInternal             : exinfo->numsubsounds       = 1
[LOG] SystemI::createSoundInternal             : exinfo->inclusionlist      = 000000C9C5FAF178
[LOG] SystemI::createSoundInternal             : exinfo->inclusionlistnum   = 1
[LOG] SystemI::createSoundInternal             : exinfo->suggestedsoundtype = 5
[LOG] SystemI::createSoundInternal             : exinfo->useropen           = 00007FF9AD09D3E0
[LOG] SystemI::createSoundInternal             : exinfo->userclose          = 00007FF9AD09D3A0
[LOG] SystemI::createSoundInternal             : exinfo->userread           = 00007FF9AD09D4C0
[LOG] SystemI::createSoundInternal             : exinfo->userseek           = 00007FF9AD09D580
[LOG] SystemI::createSoundInternal             : exinfo->fileuserdata       = 000002434A14AD38
[LOG] SystemI::createSoundInternal             : exinfo->initialseekpostype = 1
[LOG] SystemI::DSPCodecPoolRegister            : register codec pool for pool type 4
[LOG] SystemI::createSoundInternal             : Sample 0/1: name='Woosh-004', format=5, channels=2, frequency=48000, lengthbytes=6272, lengthpcm=21977, pcmblocksize=0, loopstart=0, loopend=0, mode=0x00000000, channelmask=0x00000000, channelorder=0, peakvolume=0.251189.
[LOG] SystemI::createSoundInternal             : Create name='', mode=0x02000202
[LOG] SystemI::createSoundInternal             : exinfo->cbsize             = 224
[LOG] SystemI::createSoundInternal             : exinfo->length             = 21214080
[LOG] SystemI::createSoundInternal             : exinfo->fileoffset         = 177728
[LOG] SystemI::createSoundInternal             : exinfo->numsubsounds       = 1
[LOG] SystemI::createSoundInternal             : exinfo->inclusionlist      = 000000C9C5FAF178
[LOG] SystemI::createSoundInternal             : exinfo->inclusionlistnum   = 1
[LOG] SystemI::createSoundInternal             : exinfo->suggestedsoundtype = 5
[LOG] SystemI::createSoundInternal             : exinfo->useropen           = 00007FF9AD09D3E0
[LOG] SystemI::createSoundInternal             : exinfo->userclose          = 00007FF9AD09D3A0
[LOG] SystemI::createSoundInternal             : exinfo->userread           = 00007FF9AD09D4C0
[LOG] SystemI::createSoundInternal             : exinfo->userseek           = 00007FF9AD09D580
[LOG] SystemI::createSoundInternal             : exinfo->fileuserdata       = 000002434A14AD38
[LOG] SystemI::createSoundInternal             : exinfo->initialseekpostype = 1
[LOG] SystemI::DSPCodecPoolRegister            : register codec pool for pool type 4
[LOG] SystemI::createSoundInternal             : Sample 0/1: name='Woosh-001', format=5, channels=2, frequency=48000, lengthbytes=5504, lengthpcm=19743, pcmblocksize=0, loopstart=0, loopend=0, mode=0x00000000, channelmask=0x00000000, channelorder=0, peakvolume=0.251189.
[LOG] SystemI::createSoundInternal             : Create name='', mode=0x02000202
[LOG] SystemI::createSoundInternal             : exinfo->cbsize             = 224
[LOG] SystemI::createSoundInternal             : exinfo->length             = 21214080
[LOG] SystemI::createSoundInternal             : exinfo->fileoffset         = 177728
[LOG] SystemI::createSoundInternal             : exinfo->numsubsounds       = 1
[LOG] SystemI::createSoundInternal             : exinfo->inclusionlist      = 000000C9C5FAF178
[LOG] SystemI::createSoundInternal             : exinfo->inclusionlistnum   = 1
[LOG] SystemI::createSoundInternal             : exinfo->suggestedsoundtype = 5
[LOG] SystemI::createSoundInternal             : exinfo->useropen           = 00007FF9AD09D3E0
[LOG] SystemI::createSoundInternal             : exinfo->userclose          = 00007FF9AD09D3A0
[LOG] SystemI::createSoundInternal             : exinfo->userread           = 00007FF9AD09D4C0
[LOG] SystemI::createSoundInternal             : exinfo->userseek           = 00007FF9AD09D580
[LOG] SystemI::createSoundInternal             : exinfo->fileuserdata       = 000002434A14AD38
[LOG] SystemI::createSoundInternal             : exinfo->initialseekpostype = 1
[LOG] SystemI::DSPCodecPoolRegister            : register codec pool for pool type 4
[LOG] SystemI::createSoundInternal             : Sample 0/1: name='Woosh-003', format=5, channels=2, frequency=48000, lengthbytes=6688, lengthpcm=23840, pcmblocksize=0, loopstart=0, loopend=0, mode=0x00000000, channelmask=0x00000000, channelorder=0, peakvolume=0.247595.
[LOG] SystemI::createSound                     : filename = Assets/_Core/Sounds/MoonlitMixes_AudioSystem/Build/Desktop/SFX.bank : mode 02010082
[LOG] SystemI::createSound                     : FMOD_NONBLOCKING specified.  Putting into queue to be opened asynchronously!
[LOG] AsyncThread::add                         : add sound to async queue : soundi = 0000023FAF70FC38, queue head = 000002434A47D558, queue count = 0
[LOG] AsyncThread::threadFunc                  : Starting Asynchronous operation on sound 0000023FAF70FC38
[LOG] SystemI::createSoundInternal             :     Create name='Assets/_Core/Sounds/MoonlitMixes_AudioSystem/Build/Desktop/SFX.bank', mode=0x02010082
[LOG] SystemI::createSoundInternal             :     exinfo->cbsize             = 224
[LOG] SystemI::createSoundInternal             :     exinfo->length             = 21214080
[LOG] SystemI::createSoundInternal             :     exinfo->fileoffset         = 177728
[LOG] SystemI::createSoundInternal             :     exinfo->numsubsounds       = 1
[LOG] SystemI::createSoundInternal             :     exinfo->inclusionlist      = 00000241542C26F8
[LOG] SystemI::createSoundInternal             :     exinfo->inclusionlistnum   = 1
[LOG] SystemI::createSoundInternal             :     exinfo->suggestedsoundtype = 5
[LOG] SystemI::createSoundInternal             :     exinfo->initialseekpostype = 1
[LOG] SystemI::createSoundInternal             :     Stream 0/1: name='crow_distressed', format=5, channels=2, frequency=48000, lengthbytes=76256, lengthpcm=621444, pcmblocksize=0, loopstart=0, loopend=0, mode=0x00000000, channelmask=0x00000000, channelorder=0, peakvolume=0.631808.
[LOG] AsyncThread::threadFunc                  : Finished Asynchronous operation on sound 0000023FAF70FC38
[LOG] AsyncThread::add                         : add sound to async queue : soundi = 0000024162788A58, queue head = 000002434A47D558, queue count = 0
[LOG] AsyncThread::threadFunc                  : Starting Asynchronous operation on sound 0000024162788A58
[LOG] AsyncThread::threadFunc                  : Finished Asynchronous operation on sound 0000024162788A58
[LOG] SystemI::createSoundInternal             : Create name='', mode=0x02000202
[LOG] SystemI::createSoundInternal             : exinfo->cbsize             = 224
[LOG] SystemI::createSoundInternal             : exinfo->length             = 21214080
[LOG] SystemI::createSoundInternal             : exinfo->fileoffset         = 177728
[LOG] SystemI::createSoundInternal             : exinfo->numsubsounds       = 1
[LOG] SystemI::createSoundInternal             : exinfo->inclusionlist      = 000000C9C5FAF178
[LOG] SystemI::createSoundInternal             : exinfo->inclusionlistnum   = 1
[LOG] SystemI::createSoundInternal             : exinfo->suggestedsoundtype = 5
[LOG] SystemI::createSoundInternal             : exinfo->useropen           = 00007FF9AD09D3E0
[LOG] SystemI::createSoundInternal             : exinfo->userclose          = 00007FF9AD09D3A0
[LOG] SystemI::createSoundInternal             : exinfo->userread           = 00007FF9AD09D4C0
[LOG] SystemI::createSoundInternal             : exinfo->userseek           = 00007FF9AD09D580
[LOG] SystemI::createSoundInternal             : exinfo->fileuserdata       = 000002434A14C808
[LOG] SystemI::createSoundInternal             : exinfo->initialseekpostype = 1
[LOG] SystemI::DSPCodecPoolRegister            : register codec pool for pool type 4
[LOG] SystemI::createSoundInternal             : Sample 0/1: name='B01 S01DS - 01-59 - Full 11', format=5, channels=1, frequency=48000, lengthbytes=1856, lengthpcm=9600, pcmblocksize=0, loopstart=0, loopend=0, mode=0x00000000, channelmask=0x00000000, channelorder=0, peakvolume=0.099632.
[LOG] SystemI::createSoundInternal             : Create name='', mode=0x02000202
[LOG] SystemI::createSoundInternal             : exinfo->cbsize             = 224
[LOG] SystemI::createSoundInternal             : exinfo->length             = 21214080
[LOG] SystemI::createSoundInternal             : exinfo->fileoffset         = 177728
[LOG] SystemI::createSoundInternal             : exinfo->numsubsounds       = 1
[LOG] SystemI::createSoundInternal             : exinfo->inclusionlist      = 000000C9C5FAF178
[LOG] SystemI::createSoundInternal             : exinfo->inclusionlistnum   = 1
[LOG] SystemI::createSoundInternal             : exinfo->suggestedsoundtype = 5
[LOG] SystemI::createSoundInternal             : exinfo->useropen           = 00007FF9AD09D3E0
[LOG] SystemI::createSoundInternal             : exinfo->userclose          = 00007FF9AD09D3A0
[LOG] SystemI::createSoundInternal             : exinfo->userread           = 00007FF9AD09D4C0
[LOG] SystemI::createSoundInternal             : exinfo->userseek           = 00007FF9AD09D580
[LOG] SystemI::createSoundInternal             : exinfo->fileuserdata       = 000002434A14C808
[LOG] SystemI::createSoundInternal             : exinfo->initialseekpostype = 1
[LOG] SystemI::DSPCodecPoolRegister            : register codec pool for pool type 4
[LOG] SystemI::createSoundInternal             : Sample 0/1: name='FootstepsForest-006', format=5, channels=2, frequency=48000, lengthbytes=3232, lengthpcm=24351, pcmblocksize=0, loopstart=0, loopend=0, mode=0x00000000, channelmask=0x00000000, channelorder=0, peakvolume=0.224381.
[LOG] SystemI::createSoundInternal             : Create name='', mode=0x02000202
[LOG] SystemI::createSoundInternal             : exinfo->cbsize             = 224
[LOG] SystemI::createSoundInternal             : exinfo->length             = 21214080
[LOG] SystemI::createSoundInternal             : exinfo->fileoffset         = 177728
[LOG] SystemI::createSoundInternal             : exinfo->numsubsounds       = 1
[LOG] SystemI::createSoundInternal             : exinfo->inclusionlist      = 000000C9C5FAF178
[LOG] SystemI::createSoundInternal             : exinfo->inclusionlistnum   = 1
[LOG] SystemI::createSoundInternal             : exinfo->suggestedsoundtype = 5
[LOG] SystemI::createSoundInternal             : exinfo->useropen           = 00007FF9AD09D3E0
[LOG] SystemI::createSoundInternal             : exinfo->userclose          = 00007FF9AD09D3A0
[LOG] SystemI::createSoundInternal             : exinfo->userread           = 00007FF9AD09D4C0
[LOG] SystemI::createSoundInternal             : exinfo->userseek           = 00007FF9AD09D580
[LOG] SystemI::createSoundInternal             : exinfo->fileuserdata       = 000002434A14C808
[LOG] SystemI::createSoundInternal             : exinfo->initialseekpostype = 1
[LOG] SystemI::DSPCodecPoolRegister            : register codec pool for pool type 4
[LOG] SystemI::createSoundInternal             : Sample 0/1: name='FootstepsForest-001', format=5, channels=2, frequency=48000, lengthbytes=3168, lengthpcm=21643, pcmblocksize=0, loopstart=0, loopend=0, mode=0x00000000, channelmask=0x00000000, channelorder=0, peakvolume=0.248337.
[LOG] SystemI::createSoundInternal             : Create name='', mode=0x02000202
[LOG] SystemI::createSoundInternal             : exinfo->cbsize             = 224
[LOG] SystemI::createSoundInternal             : exinfo->length             = 21214080
[LOG] SystemI::createSoundInternal             : exinfo->fileoffset         = 177728
[LOG] SystemI::createSoundInternal             : exinfo->numsubsounds       = 1
[LOG] SystemI::createSoundInternal             : exinfo->inclusionlist      = 000000C9C5FAF178
[LOG] SystemI::createSoundInternal             : exinfo->inclusionlistnum   = 1
[LOG] SystemI::createSoundInternal             : exinfo->suggestedsoundtype = 5
[LOG] SystemI::createSoundInternal             : exinfo->useropen           = 00007FF9AD09D3E0
[LOG] SystemI::createSoundInternal             : exinfo->userclose          = 00007FF9AD09D3A0
[LOG] SystemI::createSoundInternal             : exinfo->userread           = 00007FF9AD09D4C0
[LOG] SystemI::createSoundInternal             : exinfo->userseek           = 00007FF9AD09D580
[LOG] SystemI::createSoundInternal             : exinfo->fileuserdata       = 000002434A14C808
[LOG] SystemI::createSoundInternal             : exinfo->initialseekpostype = 1
[LOG] SystemI::DSPCodecPoolRegister            : register codec pool for pool type 4
[LOG] SystemI::createSoundInternal             : Sample 0/1: name='B01 S01DS - 01-59 - Full 07', format=5, channels=1, frequency=48000, lengthbytes=2208, lengthpcm=12841, pcmblocksize=0, loopstart=0, loopend=0, mode=0x00000000, channelmask=0x00000000, channelorder=0, peakvolume=0.128601.
[LOG] SystemI::createSoundInternal             : Create name='', mode=0x02000202
[LOG] SystemI::createSoundInternal             : exinfo->cbsize             = 224
[LOG] SystemI::createSoundInternal             : exinfo->length             = 21214080
[LOG] SystemI::createSoundInternal             : exinfo->fileoffset         = 177728
[LOG] SystemI::createSoundInternal             : exinfo->numsubsounds       = 1
[LOG] SystemI::createSoundInternal             : exinfo->inclusionlist      = 000000C9C5FAF178
[LOG] SystemI::createSoundInternal             : exinfo->inclusionlistnum   = 1
[LOG] SystemI::createSoundInternal             : exinfo->suggestedsoundtype = 5
[LOG] SystemI::createSoundInternal             : exinfo->useropen           = 00007FF9AD09D3E0
[LOG] SystemI::createSoundInternal             : exinfo->userclose          = 00007FF9AD09D3A0
[LOG] SystemI::createSoundInternal             : exinfo->userread           = 00007FF9AD09D4C0
[LOG] SystemI::createSoundInternal             : exinfo->userseek           = 00007FF9AD09D580
[LOG] SystemI::createSoundInternal             : exinfo->fileuserdata       = 000002434A14C808
[LOG] SystemI::createSoundInternal             : exinfo->initialseekpostype = 1
[LOG] SystemI::DSPCodecPoolRegister            : register codec pool for pool type 4
[LOG] SystemI::createSoundInternal             : Sample 0/1: name='B01 S01DS - 01-59 - Full 09', format=5, channels=1, frequency=48000, lengthbytes=2496, lengthpcm=14124, pcmblocksize=0, loopstart=0, loopend=0, mode=0x00000000, channelmask=0x00000000, channelorder=0, peakvolume=0.122496.
[LOG] SystemI::createSoundInternal             : Create name='', mode=0x02000202
[LOG] SystemI::createSoundInternal             : exinfo->cbsize             = 224
[LOG] SystemI::createSoundInternal             : exinfo->length             = 21214080
[LOG] SystemI::createSoundInternal             : exinfo->fileoffset         = 177728
[LOG] SystemI::createSoundInternal             : exinfo->numsubsounds       = 1
[LOG] SystemI::createSoundInternal             : exinfo->inclusionlist      = 000000C9C5FAF178
[LOG] SystemI::createSoundInternal             : exinfo->inclusionlistnum   = 1
[LOG] SystemI::createSoundInternal             : exinfo->suggestedsoundtype = 5
[LOG] SystemI::createSoundInternal             : exinfo->useropen           = 00007FF9AD09D3E0
[LOG] SystemI::createSoundInternal             : exinfo->userclose          = 00007FF9AD09D3A0
[LOG] SystemI::createSoundInternal             : exinfo->userread           = 00007FF9AD09D4C0
[LOG] SystemI::createSoundInternal             : exinfo->userseek           = 00007FF9AD09D580
[LOG] SystemI::createSoundInternal             : exinfo->fileuserdata       = 000002434A14C808
[LOG] SystemI::createSoundInternal             : exinfo->initialseekpostype = 1
[LOG] SystemI::DSPCodecPoolRegister            : register codec pool for pool type 4
[LOG] SystemI::createSoundInternal             : Sample 0/1: name='FootstepsForest-013', format=5, channels=2, frequency=48000, lengthbytes=2656, lengthpcm=24917, pcmblocksize=0, loopstart=0, loopend=0, mode=0x00000000, channelmask=0x00000000, channelorder=0, peakvolume=0.248913.
[LOG] SystemI::createSoundInternal             : Create name='', mode=0x02000202
[LOG] SystemI::createSoundInternal             : exinfo->cbsize             = 224
[LOG] SystemI::createSoundInternal             : exinfo->length             = 21214080
[LOG] SystemI::createSoundInternal             : exinfo->fileoffset         = 177728
[LOG] SystemI::createSoundInternal             : exinfo->numsubsounds       = 1
[LOG] SystemI::createSoundInternal             : exinfo->inclusionlist      = 000000C9C5FAF178
[LOG] SystemI::createSoundInternal             : exinfo->inclusionlistnum   = 1
[LOG] SystemI::createSoundInternal             : exinfo->suggestedsoundtype = 5
[LOG] SystemI::createSoundInternal             : exinfo->useropen           = 00007FF9AD09D3E0
[LOG] SystemI::createSoundInternal             : exinfo->userclose          = 00007FF9AD09D3A0
[LOG] SystemI::createSoundInternal             : exinfo->userread           = 00007FF9AD09D4C0
[LOG] SystemI::createSoundInternal             : exinfo->userseek           = 00007FF9AD09D580
[LOG] SystemI::createSoundInternal             : exinfo->fileuserdata       = 000002434A14C808
[LOG] SystemI::createSoundInternal             : exinfo->initialseekpostype = 1
[LOG] SystemI::DSPCodecPoolRegister            : register codec pool for pool type 4
[LOG] SystemI::createSoundInternal             : Sample 0/1: name='B01 S01DS - 01-59 - Full 01', format=5, channels=1, frequency=48000, lengthbytes=2560, lengthpcm=15276, pcmblocksize=0, loopstart=0, loopend=0, mode=0x00000000, channelmask=0x00000000, channelorder=0, peakvolume=0.125492.
[LOG] SystemI::createSoundInternal             : Create name='', mode=0x02000202
[LOG] SystemI::createSoundInternal             : exinfo->cbsize             = 224
[LOG] SystemI::createSoundInternal             : exinfo->length             = 21214080
[LOG] SystemI::createSoundInternal             : exinfo->fileoffset         = 177728
[LOG] SystemI::createSoundInternal             : exinfo->numsubsounds       = 1
[LOG] SystemI::createSoundInternal             : exinfo->inclusionlist      = 000000C9C5FAF178
[LOG] SystemI::createSoundInternal             : exinfo->inclusionlistnum   = 1
[LOG] SystemI::createSoundInternal             : exinfo->suggestedsoundtype = 5
[LOG] SystemI::createSoundInternal             : exinfo->useropen           = 00007FF9AD09D3E0
[LOG] SystemI::createSoundInternal             : exinfo->userclose          = 00007FF9AD09D3A0
[LOG] SystemI::createSoundInternal             : exinfo->userread           = 00007FF9AD09D4C0
[LOG] SystemI::createSoundInternal             : exinfo->userseek           = 00007FF9AD09D580
[LOG] SystemI::createSoundInternal             : exinfo->fileuserdata       = 000002434A14C808
[LOG] SystemI::createSoundInternal             : exinfo->initialseekpostype = 1
[LOG] SystemI::DSPCodecPoolRegister            : register codec pool for pool type 4
[LOG] SystemI::createSoundInternal             : Sample 0/1: name='FootstepsForest-007', format=5, channels=2, frequency=48000, lengthbytes=2624, lengthpcm=27182, pcmblocksize=0, loopstart=0, loopend=0, mode=0x00000000, channelmask=0x00000000, channelorder=0, peakvolume=0.233884.
[LOG] SystemI::createSoundInternal             : Create name='', mode=0x02000202
[LOG] SystemI::createSoundInternal             : exinfo->cbsize             = 224
[LOG] SystemI::createSoundInternal             : exinfo->length             = 21214080
[LOG] SystemI::createSoundInternal             : exinfo->fileoffset         = 177728
[LOG] SystemI::createSoundInternal             : exinfo->numsubsounds       = 1
[LOG] SystemI::createSoundInternal             : exinfo->inclusionlist      = 000000C9C5FAF178
[LOG] SystemI::createSoundInternal             : exinfo->inclusionlistnum   = 1
[LOG] SystemI::createSoundInternal             : exinfo->suggestedsoundtype = 5
[LOG] SystemI::createSoundInternal             : exinfo->useropen           = 00007FF9AD09D3E0
[LOG] SystemI::createSoundInternal             : exinfo->userclose          = 00007FF9AD09D3A0
[LOG] SystemI::createSoundInternal             : exinfo->userread           = 00007FF9AD09D4C0
[LOG] SystemI::createSoundInternal             : exinfo->userseek           = 00007FF9AD09D580
[LOG] SystemI::createSoundInternal             : exinfo->fileuserdata       = 000002434A14C808
[LOG] SystemI::createSoundInternal             : exinfo->initialseekpostype = 1
[LOG] SystemI::DSPCodecPoolRegister            : register codec pool for pool type 4
[LOG] SystemI::createSoundInternal             : Sample 0/1: name='FootstepsForest-011', format=5, channels=2, frequency=48000, lengthbytes=2720, lengthpcm=25767, pcmblocksize=0, loopstart=0, loopend=0, mode=0x00000000, channelmask=0x00000000, channelorder=0, peakvolume=0.251189.
[LOG] SystemI::createSoundInternal             : Create name='', mode=0x02000202
[LOG] SystemI::createSoundInternal             : exinfo->cbsize             = 224
[LOG] SystemI::createSoundInternal             : exinfo->length             = 21214080
[LOG] SystemI::createSoundInternal             : exinfo->fileoffset         = 177728
[LOG] SystemI::createSoundInternal             : exinfo->numsubsounds       = 1
[LOG] SystemI::createSoundInternal             : exinfo->inclusionlist      = 000000C9C5FAF178
[LOG] SystemI::createSoundInternal             : exinfo->inclusionlistnum   = 1
[LOG] SystemI::createSoundInternal             : exinfo->suggestedsoundtype = 5
[LOG] SystemI::createSoundInternal             : exinfo->useropen           = 00007FF9AD09D3E0
[LOG] SystemI::createSoundInternal             : exinfo->userclose          = 00007FF9AD09D3A0
[LOG] SystemI::createSoundInternal             : exinfo->userread           = 00007FF9AD09D4C0
[LOG] SystemI::createSoundInternal             : exinfo->userseek           = 00007FF9AD09D580
[LOG] SystemI::createSoundInternal             : exinfo->fileuserdata       = 000002434A14C808
[LOG] SystemI::createSoundInternal             : exinfo->initialseekpostype = 1
[LOG] SystemI::DSPCodecPoolRegister            : register codec pool for pool type 4
[LOG] SystemI::createSoundInternal             : Sample 0/1: name='B01 S01DS - 01-59 - Full 05', format=5, channels=1, frequency=48000, lengthbytes=2624, lengthpcm=14414, pcmblocksize=0, loopstart=0, loopend=0, mode=0x00000000, channelmask=0x00000000, channelorder=0, peakvolume=0.134276.
[LOG] SystemI::createSoundInternal             : Create name='', mode=0x02000202
[LOG] SystemI::createSoundInternal             : exinfo->cbsize             = 224
[LOG] SystemI::createSoundInternal             : exinfo->length             = 21214080
[LOG] SystemI::createSoundInternal             : exinfo->fileoffset         = 177728
[LOG] SystemI::createSoundInternal             : exinfo->numsubsounds       = 1
[LOG] SystemI::createSoundInternal             : exinfo->inclusionlist      = 000000C9C5FAF178
[LOG] SystemI::createSoundInternal             : exinfo->inclusionlistnum   = 1
[LOG] SystemI::createSoundInternal             : exinfo->suggestedsoundtype = 5
[LOG] SystemI::createSoundInternal             : exinfo->useropen           = 00007FF9AD09D3E0
[LOG] SystemI::createSoundInternal             : exinfo->userclose          = 00007FF9AD09D3A0
[LOG] SystemI::createSoundInternal             : exinfo->userread           = 00007FF9AD09D4C0
[LOG] SystemI::createSoundInternal             : exinfo->userseek           = 00007FF9AD09D580
[LOG] SystemI::createSoundInternal             : exinfo->fileuserdata       = 000002434A14C808
[LOG] SystemI::createSoundInternal             : exinfo->initialseekpostype = 1
[LOG] SystemI::DSPCodecPoolRegister            : register codec pool for pool type 4
[LOG] SystemI::createSoundInternal             : Sample 0/1: name='FootstepsForest-009', format=5, channels=2, frequency=48000, lengthbytes=2944, lengthpcm=26333, pcmblocksize=0, loopstart=0, loopend=0, mode=0x00000000, channelmask=0x00000000, channelorder=0, peakvolume=0.246358.
[LOG] SystemI::createSoundInternal             : Create name='', mode=0x02000202
[LOG] SystemI::createSoundInternal             : exinfo->cbsize             = 224
[LOG] SystemI::createSoundInternal             : exinfo->length             = 21214080
[LOG] SystemI::createSoundInternal             : exinfo->fileoffset         = 177728
[LOG] SystemI::createSoundInternal             : exinfo->numsubsounds       = 1
[LOG] SystemI::createSoundInternal             : exinfo->inclusionlist      = 000000C9C5FAF178
[LOG] SystemI::createSoundInternal             : exinfo->inclusionlistnum   = 1
[LOG] SystemI::createSoundInternal             : exinfo->suggestedsoundtype = 5
[LOG] SystemI::createSoundInternal             : exinfo->useropen           = 00007FF9AD09D3E0
[LOG] SystemI::createSoundInternal             : exinfo->userclose          = 00007FF9AD09D3A0
[LOG] SystemI::createSoundInternal             : exinfo->userread           = 00007FF9AD09D4C0
[LOG] SystemI::createSoundInternal             : exinfo->userseek           = 00007FF9AD09D580
[LOG] SystemI::createSoundInternal             : exinfo->fileuserdata       = 000002434A14C808
[LOG] SystemI::createSoundInternal             : exinfo->initialseekpostype = 1
[LOG] SystemI::DSPCodecPoolRegister            : register codec pool for pool type 4
[LOG] SystemI::createSoundInternal             : Sample 0/1: name='B01 S01DS - 01-59 - Full 15', format=5, channels=1, frequency=48000, lengthbytes=2400, lengthpcm=13088, pcmblocksize=0, loopstart=0, loopend=0, mode=0x00000000, channelmask=0x00000000, channelorder=0, peakvolume=0.168778.
[LOG] SystemI::createSoundInternal             : Create name='', mode=0x02000202
[LOG] SystemI::createSoundInternal             : exinfo->cbsize             = 224
[LOG] SystemI::createSoundInternal             : exinfo->length             = 21214080
[LOG] SystemI::createSoundInternal             : exinfo->fileoffset         = 177728
[LOG] SystemI::createSoundInternal             : exinfo->numsubsounds       = 1
[LOG] SystemI::createSoundInternal             : exinfo->inclusionlist      = 000000C9C5FAF178
[LOG] SystemI::createSoundInternal             : exinfo->inclusionlistnum   = 1
[LOG] SystemI::createSoundInternal             : exinfo->suggestedsoundtype = 5
[LOG] SystemI::createSoundInternal             : exinfo->useropen           = 00007FF9AD09D3E0
[LOG] SystemI::createSoundInternal             : exinfo->userclose          = 00007FF9AD09D3A0
[LOG] SystemI::createSoundInternal             : exinfo->userread           = 00007FF9AD09D4C0
[LOG] SystemI::createSoundInternal             : exinfo->userseek           = 00007FF9AD09D580
[LOG] SystemI::createSoundInternal             : exinfo->fileuserdata       = 000002434A14C808
[LOG] SystemI::createSoundInternal             : exinfo->initialseekpostype = 1
[LOG] SystemI::DSPCodecPoolRegister            : register codec pool for pool type 4
[LOG] SystemI::createSoundInternal             : Sample 0/1: name='FootstepsForest-002', format=5, channels=2, frequency=48000, lengthbytes=2688, lengthpcm=21803, pcmblocksize=0, loopstart=0, loopend=0, mode=0x00000000, channelmask=0x00000000, channelorder=0, peakvolume=0.251189.
[LOG] SystemI::createSoundInternal             : Create name='', mode=0x02000202
[LOG] SystemI::createSoundInternal             : exinfo->cbsize             = 224
[LOG] SystemI::createSoundInternal             : exinfo->length             = 21214080
[LOG] SystemI::createSoundInternal             : exinfo->fileoffset         = 177728
[LOG] SystemI::createSoundInternal             : exinfo->numsubsounds       = 1
[LOG] SystemI::createSoundInternal             : exinfo->inclusionlist      = 000000C9C5FAF178
[LOG] SystemI::createSoundInternal             : exinfo->inclusionlistnum   = 1
[LOG] SystemI::createSoundInternal             : exinfo->suggestedsoundtype = 5
[LOG] SystemI::createSoundInternal             : exinfo->useropen           = 00007FF9AD09D3E0
[LOG] SystemI::createSoundInternal             : exinfo->userclose          = 00007FF9AD09D3A0
[LOG] SystemI::createSoundInternal             : exinfo->userread           = 00007FF9AD09D4C0
[LOG] SystemI::createSoundInternal             : exinfo->userseek           = 00007FF9AD09D580
[LOG] SystemI::createSoundInternal             : exinfo->fileuserdata       = 000002434A14C808
[LOG] SystemI::createSoundInternal             : exinfo->initialseekpostype = 1
[LOG] SystemI::DSPCodecPoolRegister            : register codec pool for pool type 4
[LOG] SystemI::createSoundInternal             : Sample 0/1: name='FootstepsForest-012', format=5, channels=2, frequency=48000, lengthbytes=2496, lengthpcm=22935, pcmblocksize=0, loopstart=0, loopend=0, mode=0x00000000, channelmask=0x00000000, channelorder=0, peakvolume=0.249750.
[LOG] SystemI::createSoundInternal             : Create name='', mode=0x02000202
[LOG] SystemI::createSoundInternal             : exinfo->cbsize             = 224
[LOG] SystemI::createSoundInternal             : exinfo->length             = 21214080
[LOG] SystemI::createSoundInternal             : exinfo->fileoffset         = 177728
[LOG] SystemI::createSoundInternal             : exinfo->numsubsounds       = 1
[LOG] SystemI::createSoundInternal             : exinfo->inclusionlist      = 000000C9C5FAF178
[LOG] SystemI::createSoundInternal             : exinfo->inclusionlistnum   = 1
[LOG] SystemI::createSoundInternal             : exinfo->suggestedsoundtype = 5
[LOG] SystemI::createSoundInternal             : exinfo->useropen           = 00007FF9AD09D3E0
[LOG] SystemI::createSoundInternal             : exinfo->userclose          = 00007FF9AD09D3A0
[LOG] SystemI::createSoundInternal             : exinfo->userread           = 00007FF9AD09D4C0
[LOG] SystemI::createSoundInternal             : exinfo->userseek           = 00007FF9AD09D580
[LOG] SystemI::createSoundInternal             : exinfo->fileuserdata       = 000002434A14C808
[LOG] SystemI::createSoundInternal             : exinfo->initialseekpostype = 1
[LOG] SystemI::DSPCodecPoolRegister            : register codec pool for pool type 4
[LOG] SystemI::createSoundInternal             : Sample 0/1: name='B01 S01DS - 01-59 - Full 14', format=5, channels=1, frequency=48000, lengthbytes=2688, lengthpcm=15364, pcmblocksize=0, loopstart=0, loopend=0, mode=0x00000000, channelmask=0x00000000, channelorder=0, peakvolume=0.117989.
[LOG] SystemI::createSoundInternal             : Create name='', mode=0x02000202
[LOG] SystemI::createSoundInternal             : exinfo->cbsize             = 224
[LOG] SystemI::createSoundInternal             : exinfo->length             = 21214080
[LOG] SystemI::createSoundInternal             : exinfo->fileoffset         = 177728
[LOG] SystemI::createSoundInternal             : exinfo->numsubsounds       = 1
[LOG] SystemI::createSoundInternal             : exinfo->inclusionlist      = 000000C9C5FAF178
[LOG] SystemI::createSoundInternal             : exinfo->inclusionlistnum   = 1
[LOG] SystemI::createSoundInternal             : exinfo->suggestedsoundtype = 5
[LOG] SystemI::createSoundInternal             : exinfo->useropen           = 00007FF9AD09D3E0
[LOG] SystemI::createSoundInternal             : exinfo->userclose          = 00007FF9AD09D3A0
[LOG] SystemI::createSoundInternal             : exinfo->userread           = 00007FF9AD09D4C0
[LOG] SystemI::createSoundInternal             : exinfo->userseek           = 00007FF9AD09D580
[LOG] SystemI::createSoundInternal             : exinfo->fileuserdata       = 000002434A14C808
[LOG] SystemI::createSoundInternal             : exinfo->initialseekpostype = 1
[LOG] SystemI::DSPCodecPoolRegister            : register codec pool for pool type 4
[LOG] SystemI::createSoundInternal             : Sample 0/1: name='B01 S01DS - 01-59 - Full 02', format=5, channels=1, frequency=48000, lengthbytes=1408, lengthpcm=6594, pcmblocksize=0, loopstart=0, loopend=0, mode=0x00000000, channelmask=0x00000000, channelorder=0, peakvolume=0.066756.
[LOG] SystemI::createSoundInternal             : Create name='', mode=0x02000202
[LOG] SystemI::createSoundInternal             : exinfo->cbsize             = 224
[LOG] SystemI::createSoundInternal             : exinfo->length             = 21214080
[LOG] SystemI::createSoundInternal             : exinfo->fileoffset         = 177728
[LOG] SystemI::createSoundInternal             : exinfo->numsubsounds       = 1
[LOG] SystemI::createSoundInternal             : exinfo->inclusionlist      = 000000C9C5FAF178
[LOG] SystemI::createSoundInternal             : exinfo->inclusionlistnum   = 1
[LOG] SystemI::createSoundInternal             : exinfo->suggestedsoundtype = 5
[LOG] SystemI::createSoundInternal             : exinfo->useropen           = 00007FF9AD09D3E0
[LOG] SystemI::createSoundInternal             : exinfo->userclose          = 00007FF9AD09D3A0
[LOG] SystemI::createSoundInternal             : exinfo->userread           = 00007FF9AD09D4C0
[LOG] SystemI::createSoundInternal             : exinfo->userseek           = 00007FF9AD09D580
[LOG] SystemI::createSoundInternal             : exinfo->fileuserdata       = 000002434A14C808
[LOG] SystemI::createSoundInternal             : exinfo->initialseekpostype = 1
[LOG] SystemI::DSPCodecPoolRegister            : register codec pool for pool type 4
[LOG] SystemI::createSoundInternal             : Sample 0/1: name='FootstepsForest-004', format=5, channels=2, frequency=48000, lengthbytes=3040, lengthpcm=26333, pcmblocksize=0, loopstart=0, loopend=0, mode=0x00000000, channelmask=0x00000000, channelorder=0, peakvolume=0.233067.
[LOG] SystemI::createSoundInternal             : Create name='', mode=0x02000202
[LOG] SystemI::createSoundInternal             : exinfo->cbsize             = 224
[LOG] SystemI::createSoundInternal             : exinfo->length             = 21214080
[LOG] SystemI::createSoundInternal             : exinfo->fileoffset         = 177728
[LOG] SystemI::createSoundInternal             : exinfo->numsubsounds       = 1
[LOG] SystemI::createSoundInternal             : exinfo->inclusionlist      = 000000C9C5FAF178
[LOG] SystemI::createSoundInternal             : exinfo->inclusionlistnum   = 1
[LOG] SystemI::createSoundInternal             : exinfo->suggestedsoundtype = 5
[LOG] SystemI::createSoundInternal             : exinfo->useropen           = 00007FF9AD09D3E0
[LOG] SystemI::createSoundInternal             : exinfo->userclose          = 00007FF9AD09D3A0
[LOG] SystemI::createSoundInternal             : exinfo->userread           = 00007FF9AD09D4C0
[LOG] SystemI::createSoundInternal             : exinfo->userseek           = 00007FF9AD09D580
[LOG] SystemI::createSoundInternal             : exinfo->fileuserdata       = 000002434A14C808
[LOG] SystemI::createSoundInternal             : exinfo->initialseekpostype = 1
[LOG] SystemI::DSPCodecPoolRegister            : register codec pool for pool type 4
[LOG] SystemI::createSoundInternal             : Sample 0/1: name='B01 S01DS - 01-59 - Full 06', format=5, channels=1, frequency=48000, lengthbytes=2432, lengthpcm=14280, pcmblocksize=0, loopstart=0, loopend=0, mode=0x00000000, channelmask=0x00000000, channelorder=0, peakvolume=0.121623.
[LOG] SystemI::createSoundInternal             : Create name='', mode=0x02000202
[LOG] SystemI::createSoundInternal             : exinfo->cbsize             = 224
[LOG] SystemI::createSoundInternal             : exinfo->length             = 21214080
[LOG] SystemI::createSoundInternal             : exinfo->fileoffset         = 177728
[LOG] SystemI::createSoundInternal             : exinfo->numsubsounds       = 1
[LOG] SystemI::createSoundInternal             : exinfo->inclusionlist      = 000000C9C5FAF178
[LOG] SystemI::createSoundInternal             : exinfo->inclusionlistnum   = 1
[LOG] SystemI::createSoundInternal             : exinfo->suggestedsoundtype = 5
[LOG] SystemI::createSoundInternal             : exinfo->useropen           = 00007FF9AD09D3E0
[LOG] SystemI::createSoundInternal             : exinfo->userclose          = 00007FF9AD09D3A0
[LOG] SystemI::createSoundInternal             : exinfo->userread           = 00007FF9AD09D4C0
[LOG] SystemI::createSoundInternal             : exinfo->userseek           = 00007FF9AD09D580
[LOG] SystemI::createSoundInternal             : exinfo->fileuserdata       = 000002434A14C808
[LOG] SystemI::createSoundInternal             : exinfo->initialseekpostype = 1
[LOG] SystemI::DSPCodecPoolRegister            : register codec pool for pool type 4
[LOG] SystemI::createSoundInternal             : Sample 0/1: name='B01 S01DS - 01-59 - Full 04', format=5, channels=1, frequency=48000, lengthbytes=2560, lengthpcm=14254, pcmblocksize=0, loopstart=0, loopend=0, mode=0x00000000, channelmask=0x00000000, channelorder=0, peakvolume=0.092464.
[LOG] SystemI::createSoundInternal             : Create name='', mode=0x02000202
[LOG] SystemI::createSoundInternal             : exinfo->cbsize             = 224
[LOG] SystemI::createSoundInternal             : exinfo->length             = 21214080
[LOG] SystemI::createSoundInternal             : exinfo->fileoffset         = 177728
[LOG] SystemI::createSoundInternal             : exinfo->numsubsounds       = 1
[LOG] SystemI::createSoundInternal             : exinfo->inclusionlist      = 000000C9C5FAF178
[LOG] SystemI::createSoundInternal             : exinfo->inclusionlistnum   = 1
[LOG] SystemI::createSoundInternal             : exinfo->suggestedsoundtype = 5
[LOG] SystemI::createSoundInternal             : exinfo->useropen           = 00007FF9AD09D3E0
[LOG] SystemI::createSoundInternal             : exinfo->userclose          = 00007FF9AD09D3A0
[LOG] SystemI::createSoundInternal             : exinfo->userread           = 00007FF9AD09D4C0
[LOG] SystemI::createSoundInternal             : exinfo->userseek           = 00007FF9AD09D580
[LOG] SystemI::createSoundInternal             : exinfo->fileuserdata       = 000002434A14C808
[LOG] SystemI::createSoundInternal             : exinfo->initialseekpostype = 1
[LOG] SystemI::DSPCodecPoolRegister            : register codec pool for pool type 4
[LOG] SystemI::createSoundInternal             : Sample 0/1: name='FootstepsForest-008', format=5, channels=2, frequency=48000, lengthbytes=2560, lengthpcm=24634, pcmblocksize=0, loopstart=0, loopend=0, mode=0x00000000, channelmask=0x00000000, channelorder=0, peakvolume=0.251189.
[LOG] SystemI::createSoundInternal             : Create name='', mode=0x02000202
[LOG] SystemI::createSoundInternal             : exinfo->cbsize             = 224
[LOG] SystemI::createSoundInternal             : exinfo->length             = 21214080
[LOG] SystemI::createSoundInternal             : exinfo->fileoffset         = 177728
[LOG] SystemI::createSoundInternal             : exinfo->numsubsounds       = 1
[LOG] SystemI::createSoundInternal             : exinfo->inclusionlist      = 000000C9C5FAF178
[LOG] SystemI::createSoundInternal             : exinfo->inclusionlistnum   = 1
[LOG] SystemI::createSoundInternal             : exinfo->suggestedsoundtype = 5
[LOG] SystemI::createSoundInternal             : exinfo->useropen           = 00007FF9AD09D3E0
[LOG] SystemI::createSoundInternal             : exinfo->userclose          = 00007FF9AD09D3A0
[LOG] SystemI::createSoundInternal             : exinfo->userread           = 00007FF9AD09D4C0
[LOG] SystemI::createSoundInternal             : exinfo->userseek           = 00007FF9AD09D580
[LOG] SystemI::createSoundInternal             : exinfo->fileuserdata       = 000002434A14C808
[LOG] SystemI::createSoundInternal             : exinfo->initialseekpostype = 1
[LOG] SystemI::DSPCodecPoolRegister            : register codec pool for pool type 4
[LOG] SystemI::createSoundInternal             : Sample 0/1: name='B01 S01DS - 01-59 - Full 10', format=5, channels=1, frequency=48000, lengthbytes=1856, lengthpcm=9600, pcmblocksize=0, loopstart=0, loopend=0, mode=0x00000000, channelmask=0x00000000, channelorder=0, peakvolume=0.133347.
[LOG] SystemI::createSoundInternal             : Create name='', mode=0x02000202
[LOG] SystemI::createSoundInternal             : exinfo->cbsize             = 224
[LOG] SystemI::createSoundInternal             : exinfo->length             = 21214080
[LOG] SystemI::createSoundInternal             : exinfo->fileoffset         = 177728
[LOG] SystemI::createSoundInternal             : exinfo->numsubsounds       = 1
[LOG] SystemI::createSoundInternal             : exinfo->inclusionlist      = 000000C9C5FAF178
[LOG] SystemI::createSoundInternal             : exinfo->inclusionlistnum   = 1
[LOG] SystemI::createSoundInternal             : exinfo->suggestedsoundtype = 5
[LOG] SystemI::createSoundInternal             : exinfo->useropen           = 00007FF9AD09D3E0
[LOG] SystemI::createSoundInternal             : exinfo->userclose          = 00007FF9AD09D3A0
[LOG] SystemI::createSoundInternal             : exinfo->userread           = 00007FF9AD09D4C0
[LOG] SystemI::createSoundInternal             : exinfo->userseek           = 00007FF9AD09D580
[LOG] SystemI::createSoundInternal             : exinfo->fileuserdata       = 000002434A14C808
[LOG] SystemI::createSoundInternal             : exinfo->initialseekpostype = 1
[LOG] SystemI::DSPCodecPoolRegister            : register codec pool for pool type 4
[LOG] SystemI::createSoundInternal             : Sample 0/1: name='FootstepsForest-003', format=5, channels=2, frequency=48000, lengthbytes=2656, lengthpcm=22369, pcmblocksize=0, loopstart=0, loopend=0, mode=0x00000000, channelmask=0x00000000, channelorder=0, peakvolume=0.251189.
[LOG] SystemI::createSoundInternal             : Create name='', mode=0x02000202
[LOG] SystemI::createSoundInternal             : exinfo->cbsize             = 224
[LOG] SystemI::createSoundInternal             : exinfo->length             = 21214080
[LOG] SystemI::createSoundInternal             : exinfo->fileoffset         = 177728
[LOG] SystemI::createSoundInternal             : exinfo->numsubsounds       = 1
[LOG] SystemI::createSoundInternal             : exinfo->inclusionlist      = 000000C9C5FAF178
[LOG] SystemI::createSoundInternal             : exinfo->inclusionlistnum   = 1
[LOG] SystemI::createSoundInternal             : exinfo->suggestedsoundtype = 5
[LOG] SystemI::createSoundInternal             : exinfo->useropen           = 00007FF9AD09D3E0
[LOG] SystemI::createSoundInternal             : exinfo->userclose          = 00007FF9AD09D3A0
[LOG] SystemI::createSoundInternal             : exinfo->userread           = 00007FF9AD09D4C0
[LOG] SystemI::createSoundInternal             : exinfo->userseek           = 00007FF9AD09D580
[LOG] SystemI::createSoundInternal             : exinfo->fileuserdata       = 000002434A14C808
[LOG] SystemI::createSoundInternal             : exinfo->initialseekpostype = 1
[LOG] SystemI::DSPCodecPoolRegister            : register codec pool for pool type 4
[LOG] SystemI::createSoundInternal             : Sample 0/1: name='FootstepsForest-010', format=5, channels=2, frequency=48000, lengthbytes=2784, lengthpcm=23501, pcmblocksize=0, loopstart=0, loopend=0, mode=0x00000000, channelmask=0x00000000, channelorder=0, peakvolume=0.250969.
[LOG] SystemI::createSoundInternal             : Create name='', mode=0x02000202
[LOG] SystemI::createSoundInternal             : exinfo->cbsize             = 224
[LOG] SystemI::createSoundInternal             : exinfo->length             = 21214080
[LOG] SystemI::createSoundInternal             : exinfo->fileoffset         = 177728
[LOG] SystemI::createSoundInternal             : exinfo->numsubsounds       = 1
[LOG] SystemI::createSoundInternal             : exinfo->inclusionlist      = 000000C9C5FAF178
[LOG] SystemI::createSoundInternal             : exinfo->inclusionlistnum   = 1
[LOG] SystemI::createSoundInternal             : exinfo->suggestedsoundtype = 5
[LOG] SystemI::createSoundInternal             : exinfo->useropen           = 00007FF9AD09D3E0
[LOG] SystemI::createSoundInternal             : exinfo->userclose          = 00007FF9AD09D3A0
[LOG] SystemI::createSoundInternal             : exinfo->userread           = 00007FF9AD09D4C0
[LOG] SystemI::createSoundInternal             : exinfo->userseek           = 00007FF9AD09D580
[LOG] SystemI::createSoundInternal             : exinfo->fileuserdata       = 000002434A14C808
[LOG] SystemI::createSoundInternal             : exinfo->initialseekpostype = 1
[LOG] SystemI::DSPCodecPoolRegister            : register codec pool for pool type 4
[LOG] SystemI::createSoundInternal             : Sample 0/1: name='B01 S01DS - 01-59 - Full 12', format=5, channels=1, frequency=48000, lengthbytes=2400, lengthpcm=12656, pcmblocksize=0, loopstart=0, loopend=0, mode=0x00000000, channelmask=0x00000000, channelorder=0, peakvolume=0.161277.
[LOG] SystemI::createSoundInternal             : Create name='', mode=0x02000202
[LOG] SystemI::createSoundInternal             : exinfo->cbsize             = 224
[LOG] SystemI::createSoundInternal             : exinfo->length             = 21214080
[LOG] SystemI::createSoundInternal             : exinfo->fileoffset         = 177728
[LOG] SystemI::createSoundInternal             : exinfo->numsubsounds       = 1
[LOG] SystemI::createSoundInternal             : exinfo->inclusionlist      = 000000C9C5FAF178
[LOG] SystemI::createSoundInternal             : exinfo->inclusionlistnum   = 1
[LOG] SystemI::createSoundInternal             : exinfo->suggestedsoundtype = 5
[LOG] SystemI::createSoundInternal             : exinfo->useropen           = 00007FF9AD09D3E0
[LOG] SystemI::createSoundInternal             : exinfo->userclose          = 00007FF9AD09D3A0
[LOG] SystemI::createSoundInternal             : exinfo->userread           = 00007FF9AD09D4C0
[LOG] SystemI::createSoundInternal             : exinfo->userseek           = 00007FF9AD09D580
[LOG] SystemI::createSoundInternal             : exinfo->fileuserdata       = 000002434A14C808
[LOG] SystemI::createSoundInternal             : exinfo->initialseekpostype = 1
[LOG] SystemI::DSPCodecPoolRegister            : register codec pool for pool type 4
[LOG] SystemI::createSoundInternal             : Sample 0/1: name='FootstepsForest-005', format=5, channels=2, frequency=48000, lengthbytes=3232, lengthpcm=25767, pcmblocksize=0, loopstart=0, loopend=0, mode=0x00000000, channelmask=0x00000000, channelorder=0, peakvolume=0.179332.
[LOG] SystemI::createSoundInternal             : Create name='', mode=0x02000202
[LOG] SystemI::createSoundInternal             : exinfo->cbsize             = 224
[LOG] SystemI::createSoundInternal             : exinfo->length             = 21214080
[LOG] SystemI::createSoundInternal             : exinfo->fileoffset         = 177728
[LOG] SystemI::createSoundInternal             : exinfo->numsubsounds       = 1
[LOG] SystemI::createSoundInternal             : exinfo->inclusionlist      = 000000C9C5FAF178
[LOG] SystemI::createSoundInternal             : exinfo->inclusionlistnum   = 1
[LOG] SystemI::createSoundInternal             : exinfo->suggestedsoundtype = 5
[LOG] SystemI::createSoundInternal             : exinfo->useropen           = 00007FF9AD09D3E0
[LOG] SystemI::createSoundInternal             : exinfo->userclose          = 00007FF9AD09D3A0
[LOG] SystemI::createSoundInternal             : exinfo->userread           = 00007FF9AD09D4C0
[LOG] SystemI::createSoundInternal             : exinfo->userseek           = 00007FF9AD09D580
[LOG] SystemI::createSoundInternal             : exinfo->fileuserdata       = 000002434A14C808
[LOG] SystemI::createSoundInternal             : exinfo->initialseekpostype = 1
[LOG] SystemI::DSPCodecPoolRegister            : register codec pool for pool type 4
[LOG] SystemI::createSoundInternal             : Sample 0/1: name='B01 S01DS - 01-59 - Full 08', format=5, channels=1, frequency=48000, lengthbytes=2432, lengthpcm=14052, pcmblocksize=0, loopstart=0, loopend=0, mode=0x00000000, channelmask=0x00000000, channelorder=0, peakvolume=0.249727.
[LOG] SystemI::createSoundInternal             : Create name='', mode=0x02000202
[LOG] SystemI::createSoundInternal             : exinfo->cbsize             = 224
[LOG] SystemI::createSoundInternal             : exinfo->length             = 21214080
[LOG] SystemI::createSoundInternal             : exinfo->fileoffset         = 177728
[LOG] SystemI::createSoundInternal             : exinfo->numsubsounds       = 1
[LOG] SystemI::createSoundInternal             : exinfo->inclusionlist      = 000000C9C5FAF178
[LOG] SystemI::createSoundInternal             : exinfo->inclusionlistnum   = 1
[LOG] SystemI::createSoundInternal             : exinfo->suggestedsoundtype = 5
[LOG] SystemI::createSoundInternal             : exinfo->useropen           = 00007FF9AD09D3E0
[LOG] SystemI::createSoundInternal             : exinfo->userclose          = 00007FF9AD09D3A0
[LOG] SystemI::createSoundInternal             : exinfo->userread           = 00007FF9AD09D4C0
[LOG] SystemI::createSoundInternal             : exinfo->userseek           = 00007FF9AD09D580
[LOG] SystemI::createSoundInternal             : exinfo->fileuserdata       = 000002434A14C808
[LOG] SystemI::createSoundInternal             : exinfo->initialseekpostype = 1
[LOG] SystemI::DSPCodecPoolRegister            : register codec pool for pool type 4
[LOG] SystemI::createSoundInternal             : Sample 0/1: name='B01 S01DS - 01-59 - Full 13', format=5, channels=1, frequency=48000, lengthbytes=2336, lengthpcm=12160, pcmblocksize=0, loopstart=0, loopend=0, mode=0x00000000, channelmask=0x00000000, channelorder=0, peakvolume=0.094485.
[LOG] SystemI::createSoundInternal             : Create name='', mode=0x02000202
[LOG] SystemI::createSoundInternal             : exinfo->cbsize             = 224
[LOG] SystemI::createSoundInternal             : exinfo->length             = 21214080
[LOG] SystemI::createSoundInternal             : exinfo->fileoffset         = 177728
[LOG] SystemI::createSoundInternal             : exinfo->numsubsounds       = 1
[LOG] SystemI::createSoundInternal             : exinfo->inclusionlist      = 000000C9C5FAF178
[LOG] SystemI::createSoundInternal             : exinfo->inclusionlistnum   = 1
[LOG] SystemI::createSoundInternal             : exinfo->suggestedsoundtype = 5
[LOG] SystemI::createSoundInternal             : exinfo->useropen           = 00007FF9AD09D3E0
[LOG] SystemI::createSoundInternal             : exinfo->userclose          = 00007FF9AD09D3A0
[LOG] SystemI::createSoundInternal             : exinfo->userread           = 00007FF9AD09D4C0
[LOG] SystemI::createSoundInternal             : exinfo->userseek           = 00007FF9AD09D580
[LOG] SystemI::createSoundInternal             : exinfo->fileuserdata       = 000002434A14C808
[LOG] SystemI::createSoundInternal             : exinfo->initialseekpostype = 1
[LOG] SystemI::DSPCodecPoolRegister            : register codec pool for pool type 4
[LOG] SystemI::createSoundInternal             : Sample 0/1: name='B01 S01DS - 01-59 - Full 03', format=5, channels=1, frequency=48000, lengthbytes=2400, lengthpcm=13260, pcmblocksize=0, loopstart=0, loopend=0, mode=0x00000000, channelmask=0x00000000, channelorder=0, peakvolume=0.089417.
[LOG] SystemI::createSound                     : filename = Assets/_Core/Sounds/MoonlitMixes_AudioSystem/Build/Desktop/SFX.bank : mode 02010082
[LOG] SystemI::createSound                     : FMOD_NONBLOCKING specified.  Putting into queue to be opened asynchronously!
[LOG] AsyncThread::add                         : add sound to async queue : soundi = 0000023FAF7116C8, queue head = 000002434A47D558, queue count = 0
[LOG] AsyncThread::threadFunc                  : Starting Asynchronous operation on sound 0000023FAF7116C8
[LOG] SystemI::createSoundInternal             :     Create name='Assets/_Core/Sounds/MoonlitMixes_AudioSystem/Build/Desktop/SFX.bank', mode=0x02010082
[LOG] SystemI::createSoundInternal             :     exinfo->cbsize             = 224
[LOG] SystemI::createSoundInternal             :     exinfo->length             = 21214080
[LOG] SystemI::createSoundInternal             :     exinfo->fileoffset         = 177728
[LOG] SystemI::createSoundInternal             :     exinfo->numsubsounds       = 1
[LOG] SystemI::createSoundInternal             :     exinfo->inclusionlist      = 00000241542C2B18
[LOG] SystemI::createSoundInternal             :     exinfo->inclusionlistnum   = 1
[LOG] SystemI::createSoundInternal             :     exinfo->suggestedsoundtype = 5
[LOG] SystemI::createSoundInternal             :     exinfo->initialseekpostype = 1
[LOG] SystemI::createSoundInternal             :     Stream 0/1: name='QP04 0444 River gentle very distant', format=5, channels=2, frequency=48000, lengthbytes=848640, lengthpcm=3265178, pcmblocksize=0, loopstart=0, loopend=0, mode=0x00000000, channelmask=0x00000000, channelorder=0, peakvolume=0.037609.
[LOG] AsyncThread::threadFunc                  : Finished Asynchronous operation on sound 0000023FAF7116C8
[LOG] SystemI::createSound                     : filename = Assets/_Core/Sounds/MoonlitMixes_AudioSystem/Build/Desktop/SFX.bank : mode 02010082
[LOG] SystemI::createSound                     : FMOD_NONBLOCKING specified.  Putting into queue to be opened asynchronously!
[LOG] AsyncThread::add                         : add sound to async queue : soundi = 0000023FAF70FDC8, queue head = 000002434A47D558, queue count = 0
[LOG] AsyncThread::threadFunc                  : Starting Asynchronous operation on sound 0000023FAF70FDC8
[LOG] SystemI::createSoundInternal             :     Create name='Assets/_Core/Sounds/MoonlitMixes_AudioSystem/Build/Desktop/SFX.bank', mode=0x02010082
[LOG] SystemI::createSoundInternal             :     exinfo->cbsize             = 224
[LOG] SystemI::createSoundInternal             :     exinfo->length             = 21214080
[LOG] SystemI::createSoundInternal             :     exinfo->fileoffset         = 177728
[LOG] SystemI::createSoundInternal             :     exinfo->numsubsounds       = 1
[LOG] SystemI::createSoundInternal             :     exinfo->inclusionlist      = 0000023FB05CA258
[LOG] SystemI::createSoundInternal             :     exinfo->inclusionlistnum   = 1
[LOG] SystemI::createSoundInternal             :     exinfo->suggestedsoundtype = 5
[LOG] SystemI::createSoundInternal             :     exinfo->initialseekpostype = 1
[LOG] SystemI::createSoundInternal             :     Stream 0/1: name='Human, Breath, Male, Sports Breathing, High Intensity, Runners Respiration, Close Perspective SND111989 - Pitch 35', format=5, channels=2, frequency=48000, lengthbytes=456736, lengthpcm=2039543, pcmblocksize=0, loopstart=0, loopend=0, mode=0x00000000, channelmask=0x00000000, channelorder=0, peakvolume=0.264704.
[LOG] AsyncThread::threadFunc                  : Finished Asynchronous operation on sound 0000023FAF70FDC8
[LOG] SystemI::createSound                     : filename = Assets/_Core/Sounds/MoonlitMixes_AudioSystem/Build/Desktop/SFX.bank : mode 02010082
[LOG] SystemI::createSound                     : FMOD_NONBLOCKING specified.  Putting into queue to be opened asynchronously!
[LOG] AsyncThread::add                         : add sound to async queue : soundi = 0000023FAF70E7E8, queue head = 000002434A47D558, queue count = 0
[LOG] SystemI::createSound                     : filename = Assets/_Core/Sounds/MoonlitMixes_AudioSystem/Build/Desktop/SFX.bank : mode 02010082
[LOG] SystemI::createSound                     : FMOD_NONBLOCKING specified.  Putting into queue to be opened asynchronously!
[LOG] AsyncThread::threadFunc                  : Starting Asynchronous operation on sound 0000023FAF70E7E8
[LOG] AsyncThread::add                         : add sound to async queue : soundi = 0000023FAF70E978, queue head = 000002434A47D558, queue count = 0
[LOG] SystemI::createSoundInternal             :     Create name='Assets/_Core/Sounds/MoonlitMixes_AudioSystem/Build/Desktop/SFX.bank', mode=0x02010082
[LOG] SystemI::createSoundInternal             :     exinfo->cbsize             = 224
[LOG] SystemI::createSoundInternal             :     exinfo->length             = 21214080
[LOG] SystemI::createSoundInternal             :     exinfo->fileoffset         = 177728
[LOG] SystemI::createSoundInternal             :     exinfo->numsubsounds       = 1
[LOG] SystemI::createSoundInternal             :     exinfo->inclusionlist      = 0000023FB05CA7D8
[LOG] SystemI::createSoundInternal             :     exinfo->inclusionlistnum   = 1
[LOG] SystemI::createSoundInternal             :     exinfo->suggestedsoundtype = 5
[LOG] SystemI::createSoundInternal             :     exinfo->initialseekpostype = 1
[LOG] SystemI::createSoundInternal             :     Stream 0/1: name='Water, Flow, Brook, Small, Close, Distant Waterfall 01 SND3384', format=5, channels=2, frequency=48000, lengthbytes=937504, lengthpcm=3448320, pcmblocksize=0, loopstart=0, loopend=0, mode=0x00000000, channelmask=0x00000000, channelorder=0, peakvolume=0.688503.
[LOG] AsyncThread::threadFunc                  : Finished Asynchronous operation on sound 0000023FAF70E7E8
[LOG] AsyncThread::threadFunc                  : Starting Asynchronous operation on sound 0000023FAF70E978
[LOG] SystemI::createSoundInternal             :     Create name='Assets/_Core/Sounds/MoonlitMixes_AudioSystem/Build/Desktop/SFX.bank', mode=0x02010082
[LOG] SystemI::createSoundInternal             :     exinfo->cbsize             = 224
[LOG] SystemI::createSoundInternal             :     exinfo->length             = 21214080
[LOG] SystemI::createSoundInternal             :     exinfo->fileoffset         = 177728
[LOG] SystemI::createSoundInternal             :     exinfo->numsubsounds       = 1
[LOG] SystemI::createSoundInternal             :     exinfo->inclusionlist      = 0000023FB05CA678
[LOG] SystemI::createSoundInternal             :     exinfo->inclusionlistnum   = 1
[LOG] SystemI::createSoundInternal             :     exinfo->suggestedsoundtype = 5
[LOG] SystemI::createSoundInternal             :     exinfo->initialseekpostype = 1
[LOG] SystemI::createSoundInternal             :     Stream 0/1: name='Water, Waterfall, Steady, Perspective SND0047', format=5, channels=2, frequency=48000, lengthbytes=1111232, lengthpcm=4081920, pcmblocksize=0, loopstart=0, loopend=0, mode=0x00000000, channelmask=0x00000000, channelorder=0, peakvolume=0.121005.
[LOG] AsyncThread::threadFunc                  : Finished Asynchronous operation on sound 0000023FAF70E978
[LOG] SoundI::release                          :  (0000023FB0AFD628)
[LOG] SoundI::release                          :     ToolImpactStaff-001 (0000024218F050F8)
[LOG] SoundI::release                          :  (0000023FB0AFDA48)
[LOG] SoundI::release                          :     ToolImpactStaff-002 (0000024218F04678)
[LOG] SoundI::release                          :  (0000023FB0AFD208)
[LOG] SoundI::release                          :     ToolImpactStaff-003 (0000024218F03D78)
[LOG] SoundI::release                          :  (0000023FB0AFD788)
[LOG] SoundI::release                          :     ToolImpactStaff-005 (0000024218F044F8)
[LOG] SoundI::release                          : Human, Breath, Male, Sports Breathing, High Intensity, Runners Respiration, Close Perspective SND111989 - Pitch 35 (0000023FAF70FDC8)
[LOG] SoundI::release                          :     Human, Breath, Male, Sports Breathing, High Intensity, Runners Respiration, Close Perspective SND111989 - Pitch 35 (0000024318D416F8)
[LOG] SoundI::release                          :     Human, Breath, Male, Sports Breathing, High Intensity, Runners Respiration, Close Perspective SND111989 - Pitch 35 (0000024349F6AB18)
[LOG] SoundI::release                          :  (0000023FB0AFD0A8)
[LOG] SoundI::release                          :     ToolImpactStaff-006 (0000024218F05578)
[LOG] SoundI::release                          :  (0000023FB0AFD368)
[LOG] SoundI::release                          :     ToolImpactStaff-007 (0000024218F056F8)
[LOG] SoundI::release                          :  (0000023FB0AFD4C8)
[LOG] SoundI::release                          :     ToolImpactStaff-008 (0000024218F03A78)
[LOG] SoundI::release                          :  (0000023FB0AFD8E8)
[LOG] SoundI::release                          :     ToolImpactStaff-009 (0000024218F04078)
[LOG] SoundI::release                          :  (0000023FB0AFDE68)
[LOG] SoundI::release                          :     ToolImpactStaff-010 (0000024218F04F78)
[LOG] SystemI::createSound                     : filename = Assets/_Core/Sounds/MoonlitMixes_AudioSystem/Build/Desktop/SFX.bank : mode 02010082
[LOG] SystemI::createSound                     : FMOD_NONBLOCKING specified.  Putting into queue to be opened asynchronously!
[LOG] AsyncThread::add                         : add sound to async queue : soundi = 0000023FAF70D9D8, queue head = 000002434A47D558, queue count = 0
[LOG] AsyncThread::threadFunc                  : Starting Asynchronous operation on sound 0000023FAF70D9D8
[LOG] SystemI::createSoundInternal             :     Create name='Assets/_Core/Sounds/MoonlitMixes_AudioSystem/Build/Desktop/SFX.bank', mode=0x02010082
[LOG] SystemI::createSoundInternal             :     exinfo->cbsize             = 224
[LOG] SystemI::createSoundInternal             :     exinfo->length             = 21214080
[LOG] SystemI::createSoundInternal             :     exinfo->fileoffset         = 177728
[LOG] SystemI::createSoundInternal             :     exinfo->numsubsounds       = 1
[LOG] SystemI::createSoundInternal             :     exinfo->inclusionlist      = 0000023FB05CA258
[LOG] SystemI::createSoundInternal             :     exinfo->inclusionlistnum   = 1
[LOG] SystemI::createSoundInternal             :     exinfo->suggestedsoundtype = 5
[LOG] SystemI::createSoundInternal             :     exinfo->initialseekpostype = 1
[LOG] SystemI::createSoundInternal             :     Stream 0/1: name='wind', format=5, channels=2, frequency=48000, lengthbytes=434656, lengthpcm=2278862, pcmblocksize=0, loopstart=0, loopend=0, mode=0x00000000, channelmask=0x00000000, channelorder=0, peakvolume=0.804487.
[LOG] AsyncThread::threadFunc                  : Finished Asynchronous operation on sound 0000023FAF70D9D8
[LOG] SoundI::release                          : wind (000002415DCC9078)
[LOG] SoundI::release                          :     wind (0000024406FAB258)
[LOG] SoundI::release                          :     wind (00000243F98FA8A8)
[LOG] SystemI::createSoundInternal             : Create name='', mode=0x02000202
[LOG] SystemI::createSoundInternal             : exinfo->cbsize             = 224
[LOG] SystemI::createSoundInternal             : exinfo->length             = 21214080
[LOG] SystemI::createSoundInternal             : exinfo->fileoffset         = 177728
[LOG] SystemI::createSoundInternal             : exinfo->numsubsounds       = 1
[LOG] SystemI::createSoundInternal             : exinfo->inclusionlist      = 000000C9C5FAF178
[LOG] SystemI::createSoundInternal             : exinfo->inclusionlistnum   = 1
[LOG] SystemI::createSoundInternal             : exinfo->suggestedsoundtype = 5
[LOG] SystemI::createSoundInternal             : exinfo->useropen           = 00007FF9AD09D3E0
[LOG] SystemI::createSoundInternal             : exinfo->userclose          = 00007FF9AD09D3A0
[LOG] SystemI::createSoundInternal             : exinfo->userread           = 00007FF9AD09D4C0
[LOG] SystemI::createSoundInternal             : exinfo->userseek           = 00007FF9AD09D580
[LOG] SystemI::createSoundInternal             : exinfo->fileuserdata       = 000002415C382378
[LOG] SystemI::createSoundInternal             : exinfo->initialseekpostype = 1
[LOG] SystemI::DSPCodecPoolRegister            : register codec pool for pool type 4
[LOG] SystemI::createSoundInternal             : Sample 0/1: name='ToolImpactStaff-007', format=5, channels=2, frequency=48000, lengthbytes=5504, lengthpcm=25092, pcmblocksize=0, loopstart=0, loopend=0, mode=0x00000000, channelmask=0x00000000, channelorder=0, peakvolume=0.251189.
[LOG] SystemI::createSoundInternal             : Create name='', mode=0x02000202
[LOG] SystemI::createSoundInternal             : exinfo->cbsize             = 224
[LOG] SystemI::createSoundInternal             : exinfo->length             = 21214080
[LOG] SystemI::createSoundInternal             : exinfo->fileoffset         = 177728
[LOG] SystemI::createSoundInternal             : exinfo->numsubsounds       = 1
[LOG] SystemI::createSoundInternal             : exinfo->inclusionlist      = 000000C9C5FAF178
[LOG] SystemI::createSoundInternal             : exinfo->inclusionlistnum   = 1
[LOG] SystemI::createSoundInternal             : exinfo->suggestedsoundtype = 5
[LOG] SystemI::createSoundInternal             : exinfo->useropen           = 00007FF9AD09D3E0
[LOG] SystemI::createSoundInternal             : exinfo->userclose          = 00007FF9AD09D3A0
[LOG] SystemI::createSoundInternal             : exinfo->userread           = 00007FF9AD09D4C0
[LOG] SystemI::createSoundInternal             : exinfo->userseek           = 00007FF9AD09D580
[LOG] SystemI::createSoundInternal             : exinfo->fileuserdata       = 000002415C382378
[LOG] SystemI::createSoundInternal             : exinfo->initialseekpostype = 1
[LOG] SystemI::DSPCodecPoolRegister            : register codec pool for pool type 4
[LOG] SystemI::createSoundInternal             : Sample 0/1: name='ToolImpactStaff-010', format=5, channels=2, frequency=48000, lengthbytes=5024, lengthpcm=24709, pcmblocksize=0, loopstart=0, loopend=0, mode=0x00000000, channelmask=0x00000000, channelorder=0, peakvolume=0.250688.
[LOG] SystemI::createSoundInternal             : Create name='', mode=0x02000202
[LOG] SystemI::createSoundInternal             : exinfo->cbsize             = 224
[LOG] SystemI::createSoundInternal             : exinfo->length             = 21214080
[LOG] SystemI::createSoundInternal             : exinfo->fileoffset         = 177728
[LOG] SystemI::createSoundInternal             : exinfo->numsubsounds       = 1
[LOG] SystemI::createSoundInternal             : exinfo->inclusionlist      = 000000C9C5FAF178
[LOG] SystemI::createSoundInternal             : exinfo->inclusionlistnum   = 1
[LOG] SystemI::createSoundInternal             : exinfo->suggestedsoundtype = 5
[LOG] SystemI::createSoundInternal             : exinfo->useropen           = 00007FF9AD09D3E0
[LOG] SystemI::createSoundInternal             : exinfo->userclose          = 00007FF9AD09D3A0
[LOG] SystemI::createSoundInternal             : exinfo->userread           = 00007FF9AD09D4C0
[LOG] SystemI::createSoundInternal             : exinfo->userseek           = 00007FF9AD09D580
[LOG] SystemI::createSoundInternal             : exinfo->fileuserdata       = 000002415C382378
[LOG] SystemI::createSoundInternal             : exinfo->initialseekpostype = 1
[LOG] SystemI::DSPCodecPoolRegister            : register codec pool for pool type 4
[LOG] SystemI::createSoundInternal             : Sample 0/1: name='ToolImpactStaff-009', format=5, channels=2, frequency=48000, lengthbytes=5312, lengthpcm=22877, pcmblocksize=0, loopstart=0, loopend=0, mode=0x00000000, channelmask=0x00000000, channelorder=0, peakvolume=0.245209.
[LOG] SystemI::createSoundInternal             : Create name='', mode=0x02000202
[LOG] SystemI::createSoundInternal             : exinfo->cbsize             = 224
[LOG] SystemI::createSoundInternal             : exinfo->length             = 21214080
[LOG] SystemI::createSoundInternal             : exinfo->fileoffset         = 177728
[LOG] SystemI::createSoundInternal             : exinfo->numsubsounds       = 1
[LOG] SystemI::createSoundInternal             : exinfo->inclusionlist      = 000000C9C5FAF178
[LOG] SystemI::createSoundInternal             : exinfo->inclusionlistnum   = 1
[LOG] SystemI::createSoundInternal             : exinfo->suggestedsoundtype = 5
[LOG] SystemI::createSoundInternal             : exinfo->useropen           = 00007FF9AD09D3E0
[LOG] SystemI::createSoundInternal             : exinfo->userclose          = 00007FF9AD09D3A0
[LOG] SystemI::createSoundInternal             : exinfo->userread           = 00007FF9AD09D4C0
[LOG] SystemI::createSoundInternal             : exinfo->userseek           = 00007FF9AD09D580
[LOG] SystemI::createSoundInternal             : exinfo->fileuserdata       = 000002415C382378
[LOG] SystemI::createSoundInternal             : exinfo->initialseekpostype = 1
[LOG] SystemI::DSPCodecPoolRegister            : register codec pool for pool type 4
[LOG] SystemI::createSoundInternal             : Sample 0/1: name='ToolImpactStaff-008', format=5, channels=2, frequency=48000, lengthbytes=5152, lengthpcm=26568, pcmblocksize=0, loopstart=0, loopend=0, mode=0x00000000, channelmask=0x00000000, channelorder=0, peakvolume=0.239596.
[LOG] SystemI::createSoundInternal             : Create name='', mode=0x02000202
[LOG] SystemI::createSoundInternal             : exinfo->cbsize             = 224
[LOG] SystemI::createSoundInternal             : exinfo->length             = 21214080
[LOG] SystemI::createSoundInternal             : exinfo->fileoffset         = 177728
[LOG] SystemI::createSoundInternal             : exinfo->numsubsounds       = 1
[LOG] SystemI::createSoundInternal             : exinfo->inclusionlist      = 000000C9C5FAF178
[LOG] SystemI::createSoundInternal             : exinfo->inclusionlistnum   = 1
[LOG] SystemI::createSoundInternal             : exinfo->suggestedsoundtype = 5
[LOG] SystemI::createSoundInternal             : exinfo->useropen           = 00007FF9AD09D3E0
[LOG] SystemI::createSoundInternal             : exinfo->userclose          = 00007FF9AD09D3A0
[LOG] SystemI::createSoundInternal             : exinfo->userread           = 00007FF9AD09D4C0
[LOG] SystemI::createSoundInternal             : exinfo->userseek           = 00007FF9AD09D580
[LOG] SystemI::createSoundInternal             : exinfo->fileuserdata       = 000002415C382378
[LOG] SystemI::createSoundInternal             : exinfo->initialseekpostype = 1
[LOG] SystemI::DSPCodecPoolRegister            : register codec pool for pool type 4
[LOG] SystemI::createSoundInternal             : Sample 0/1: name='ToolImpactStaff-006', format=5, channels=2, frequency=48000, lengthbytes=5216, lengthpcm=25830, pcmblocksize=0, loopstart=0, loopend=0, mode=0x00000000, channelmask=0x00000000, channelorder=0, peakvolume=0.242278.
[LOG] SystemI::createSoundInternal             : Create name='', mode=0x02000202
[LOG] SystemI::createSoundInternal             : exinfo->cbsize             = 224
[LOG] SystemI::createSoundInternal             : exinfo->length             = 21214080
[LOG] SystemI::createSoundInternal             : exinfo->fileoffset         = 177728
[LOG] SystemI::createSoundInternal             : exinfo->numsubsounds       = 1
[LOG] SystemI::createSoundInternal             : exinfo->inclusionlist      = 000000C9C5FAF178
[LOG] SystemI::createSoundInternal             : exinfo->inclusionlistnum   = 1
[LOG] SystemI::createSoundInternal             : exinfo->suggestedsoundtype = 5
[LOG] SystemI::createSoundInternal             : exinfo->useropen           = 00007FF9AD09D3E0
[LOG] SystemI::createSoundInternal             : exinfo->userclose          = 00007FF9AD09D3A0
[LOG] SystemI::createSoundInternal             : exinfo->userread           = 00007FF9AD09D4C0
[LOG] SystemI::createSoundInternal             : exinfo->userseek           = 00007FF9AD09D580
[LOG] SystemI::createSoundInternal             : exinfo->fileuserdata       = 000002415C382378
[LOG] SystemI::createSoundInternal             : exinfo->initialseekpostype = 1
[LOG] SystemI::DSPCodecPoolRegister            : register codec pool for pool type 4
[LOG] SystemI::createSoundInternal             : Sample 0/1: name='ToolImpactStaff-001', format=5, channels=2, frequency=48000, lengthbytes=4960, lengthpcm=25830, pcmblocksize=0, loopstart=0, loopend=0, mode=0x00000000, channelmask=0x00000000, channelorder=0, peakvolume=0.249902.
[LOG] SystemI::createSoundInternal             : Create name='', mode=0x02000202
[LOG] SystemI::createSoundInternal             : exinfo->cbsize             = 224
[LOG] SystemI::createSoundInternal             : exinfo->length             = 21214080
[LOG] SystemI::createSoundInternal             : exinfo->fileoffset         = 177728
[LOG] SystemI::createSoundInternal             : exinfo->numsubsounds       = 1
[LOG] SystemI::createSoundInternal             : exinfo->inclusionlist      = 000000C9C5FAF178
[LOG] SystemI::createSoundInternal             : exinfo->inclusionlistnum   = 1
[LOG] SystemI::createSoundInternal             : exinfo->suggestedsoundtype = 5
[LOG] SystemI::createSoundInternal             : exinfo->useropen           = 00007FF9AD09D3E0
[LOG] SystemI::createSoundInternal             : exinfo->userclose          = 00007FF9AD09D3A0
[LOG] SystemI::createSoundInternal             : exinfo->userread           = 00007FF9AD09D4C0
[LOG] SystemI::createSoundInternal             : exinfo->userseek           = 00007FF9AD09D580
[LOG] SystemI::createSoundInternal             : exinfo->fileuserdata       = 000002415C382378
[LOG] SystemI::createSoundInternal             : exinfo->initialseekpostype = 1
[LOG] SystemI::DSPCodecPoolRegister            : register codec pool for pool type 4
[LOG] SystemI::createSoundInternal             : Sample 0/1: name='ToolImpactStaff-005', format=5, channels=2, frequency=48000, lengthbytes=4928, lengthpcm=23615, pcmblocksize=0, loopstart=0, loopend=0, mode=0x00000000, channelmask=0x00000000, channelorder=0, peakvolume=0.251189.
[LOG] SystemI::createSoundInternal             : Create name='', mode=0x02000202
[LOG] SystemI::createSoundInternal             : exinfo->cbsize             = 224
[LOG] SystemI::createSoundInternal             : exinfo->length             = 21214080
[LOG] SystemI::createSoundInternal             : exinfo->fileoffset         = 177728
[LOG] SystemI::createSoundInternal             : exinfo->numsubsounds       = 1
[LOG] SystemI::createSoundInternal             : exinfo->inclusionlist      = 000000C9C5FAF178
[LOG] SystemI::createSoundInternal             : exinfo->inclusionlistnum   = 1
[LOG] SystemI::createSoundInternal             : exinfo->suggestedsoundtype = 5
[LOG] SystemI::createSoundInternal             : exinfo->useropen           = 00007FF9AD09D3E0
[LOG] SystemI::createSoundInternal             : exinfo->userclose          = 00007FF9AD09D3A0
[LOG] SystemI::createSoundInternal             : exinfo->userread           = 00007FF9AD09D4C0
[LOG] SystemI::createSoundInternal             : exinfo->userseek           = 00007FF9AD09D580
[LOG] SystemI::createSoundInternal             : exinfo->fileuserdata       = 000002415C382378
[LOG] SystemI::createSoundInternal             : exinfo->initialseekpostype = 1
[LOG] SystemI::DSPCodecPoolRegister            : register codec pool for pool type 4
[LOG] SystemI::createSoundInternal             : Sample 0/1: name='ToolImpactStaff-002', format=5, channels=2, frequency=48000, lengthbytes=5024, lengthpcm=22877, pcmblocksize=0, loopstart=0, loopend=0, mode=0x00000000, channelmask=0x00000000, channelorder=0, peakvolume=0.250166.
[LOG] SystemI::createSoundInternal             : Create name='', mode=0x02000202
[LOG] SystemI::createSoundInternal             : exinfo->cbsize             = 224
[LOG] SystemI::createSoundInternal             : exinfo->length             = 21214080
[LOG] SystemI::createSoundInternal             : exinfo->fileoffset         = 177728
[LOG] SystemI::createSoundInternal             : exinfo->numsubsounds       = 1
[LOG] SystemI::createSoundInternal             : exinfo->inclusionlist      = 000000C9C5FAF178
[LOG] SystemI::createSoundInternal             : exinfo->inclusionlistnum   = 1
[LOG] SystemI::createSoundInternal             : exinfo->suggestedsoundtype = 5
[LOG] SystemI::createSoundInternal             : exinfo->useropen           = 00007FF9AD09D3E0
[LOG] SystemI::createSoundInternal             : exinfo->userclose          = 00007FF9AD09D3A0
[LOG] SystemI::createSoundInternal             : exinfo->userread           = 00007FF9AD09D4C0
[LOG] SystemI::createSoundInternal             : exinfo->userseek           = 00007FF9AD09D580
[LOG] SystemI::createSoundInternal             : exinfo->fileuserdata       = 000002415C382378
[LOG] SystemI::createSoundInternal             : exinfo->initialseekpostype = 1
[LOG] SystemI::DSPCodecPoolRegister            : register codec pool for pool type 4
[LOG] SystemI::createSoundInternal             : Sample 0/1: name='ToolImpactStaff-003', format=5, channels=2, frequency=48000, lengthbytes=4928, lengthpcm=24354, pcmblocksize=0, loopstart=0, loopend=0, mode=0x00000000, channelmask=0x00000000, channelorder=0, peakvolume=0.251189.
[LOG] SoundI::release                          :  (0000024304D71CD8)
[LOG] SoundI::release                          :     FootstepsForest-001 (0000024321001BC8)
[LOG] SoundI::release                          :  (00000243FA61ED78)
[LOG] SoundI::release                          :     FootstepsForest-002 (0000024321006548)
[LOG] SoundI::release                          :  (0000023FB10E6FC8)
[LOG] SoundI::release                          :     FootstepsForest-003 (0000024272B12078)
[LOG] SoundI::release                          :  (000002431D329388)
[LOG] SoundI::release                          :     FootstepsForest-004 (0000024272B13878)
[LOG] SoundI::release                          :  (000002431D578EF8)
[LOG] SoundI::release                          :     FootstepsForest-005 (0000024272B121F8)
[LOG] SoundI::release                          :  (0000024304D71A18)
[LOG] SoundI::release                          :     FootstepsForest-006 (0000024321001448)
[LOG] SoundI::release                          :  (000002415C32FE58)
[LOG] SoundI::release                          :     FootstepsForest-007 (00000243210060C8)
[LOG] SoundI::release                          :  (0000024160B268E8)
[LOG] SoundI::release                          :     FootstepsForest-008 (0000024272B12978)
[LOG] SoundI::release                          :  (00000243FA61E7F8)
[LOG] SoundI::release                          :     FootstepsForest-009 (00000243210045C8)
[LOG] SoundI::release                          :  (0000023FB10E7128)
[LOG] SoundI::release                          :     FootstepsForest-010 (0000024272B127F8)
[LOG] SoundI::release                          :  (000002415C32FFB8)
[LOG] SoundI::release                          :     FootstepsForest-011 (0000024321003CC8)
[LOG] SoundI::release                          :  (000002431D329908)
[LOG] SoundI::release                          :     FootstepsForest-012 (0000024272B133F8)
[LOG] SoundI::release                          :  (000002415C32F618)
[LOG] SoundI::release                          :     FootstepsForest-013 (00000243210030C8)
[LOG] SoundI::release                          :  (000002415C32F8D8)
[LOG] SoundI::release                          :     B01 S01DS - 01-59 - Full 01 (0000024321003548)
[LOG] SoundI::release                          :  (000002431D32A148)
[LOG] SoundI::release                          :     B01 S01DS - 01-59 - Full 02 (0000024272B136F8)
[LOG] SoundI::release                          :  (000002415E0D55E8)
[LOG] SoundI::release                          :     B01 S01DS - 01-59 - Full 03 (0000024318D41578)
[LOG] SystemI::createSoundInternal             : Create name='', mode=0x02000202
[LOG] SystemI::createSoundInternal             : exinfo->cbsize             = 224
[LOG] SystemI::createSoundInternal             : exinfo->length             = 21214080
[LOG] SystemI::createSoundInternal             : exinfo->fileoffset         = 177728
[LOG] SystemI::createSoundInternal             : exinfo->numsubsounds       = 1
[LOG] SystemI::createSoundInternal             : exinfo->inclusionlist      = 000000C9C5FAF178
[LOG] SystemI::createSoundInternal             : exinfo->inclusionlistnum   = 1
[LOG] SystemI::createSoundInternal             : exinfo->suggestedsoundtype = 5
[LOG] SystemI::createSoundInternal             : exinfo->useropen           = 00007FF9AD09D3E0
[LOG] SystemI::createSoundInternal             : exinfo->userclose          = 00007FF9AD09D3A0
[LOG] SystemI::createSoundInternal             : exinfo->userread           = 00007FF9AD09D4C0
[LOG] SystemI::createSoundInternal             : exinfo->userseek           = 00007FF9AD09D580
[LOG] SystemI::createSoundInternal             : exinfo->fileuserdata       = 000002434A14B158
[LOG] SystemI::createSoundInternal             : exinfo->initialseekpostype = 1
[LOG] SystemI::DSPCodecPoolRegister            : register codec pool for pool type 4
[LOG] SystemI::createSoundInternal             : Sample 0/1: name='FootstepsForest-006', format=5, channels=2, frequency=48000, lengthbytes=3232, lengthpcm=24351, pcmblocksize=0, loopstart=0, loopend=0, mode=0x00000000, channelmask=0x00000000, channelorder=0, peakvolume=0.224381.
[LOG] SystemI::createSoundInternal             : Create name='', mode=0x02000202
[LOG] SystemI::createSoundInternal             : exinfo->cbsize             = 224
[LOG] SystemI::createSoundInternal             : exinfo->length             = 21214080
[LOG] SystemI::createSoundInternal             : exinfo->fileoffset         = 177728
[LOG] SystemI::createSoundInternal             : exinfo->numsubsounds       = 1
[LOG] SystemI::createSoundInternal             : exinfo->inclusionlist      = 000000C9C5FAF178
[LOG] SystemI::createSoundInternal             : exinfo->inclusionlistnum   = 1
[LOG] SystemI::createSoundInternal             : exinfo->suggestedsoundtype = 5
[LOG] SystemI::createSoundInternal             : exinfo->useropen           = 00007FF9AD09D3E0
[LOG] SystemI::createSoundInternal             : exinfo->userclose          = 00007FF9AD09D3A0
[LOG] SystemI::createSoundInternal             : exinfo->userread           = 00007FF9AD09D4C0
[LOG] SystemI::createSoundInternal             : exinfo->userseek           = 00007FF9AD09D580
[LOG] SystemI::createSoundInternal             : exinfo->fileuserdata       = 000002434A14B158
[LOG] SystemI::createSoundInternal             : exinfo->initialseekpostype = 1
[LOG] SystemI::DSPCodecPoolRegister            : register codec pool for pool type 4
[LOG] SystemI::createSoundInternal             : Sample 0/1: name='FootstepsForest-001', format=5, channels=2, frequency=48000, lengthbytes=3168, lengthpcm=21643, pcmblocksize=0, loopstart=0, loopend=0, mode=0x00000000, channelmask=0x00000000, channelorder=0, peakvolume=0.248337.
[LOG] SystemI::createSoundInternal             : Create name='', mode=0x02000202
[LOG] SystemI::createSoundInternal             : exinfo->cbsize             = 224
[LOG] SystemI::createSoundInternal             : exinfo->length             = 21214080
[LOG] SystemI::createSoundInternal             : exinfo->fileoffset         = 177728
[LOG] SystemI::createSoundInternal             : exinfo->numsubsounds       = 1
[LOG] SystemI::createSoundInternal             : exinfo->inclusionlist      = 000000C9C5FAF178
[LOG] SystemI::createSoundInternal             : exinfo->inclusionlistnum   = 1
[LOG] SystemI::createSoundInternal             : exinfo->suggestedsoundtype = 5
[LOG] SystemI::createSoundInternal             : exinfo->useropen           = 00007FF9AD09D3E0
[LOG] SystemI::createSoundInternal             : exinfo->userclose          = 00007FF9AD09D3A0
[LOG] SystemI::createSoundInternal             : exinfo->userread           = 00007FF9AD09D4C0
[LOG] SystemI::createSoundInternal             : exinfo->userseek           = 00007FF9AD09D580
[LOG] SystemI::createSoundInternal             : exinfo->fileuserdata       = 000002434A14B158
[LOG] SystemI::createSoundInternal             : exinfo->initialseekpostype = 1
[LOG] SystemI::DSPCodecPoolRegister            : register codec pool for pool type 4
[LOG] SystemI::createSoundInternal             : Sample 0/1: name='FootstepsForest-013', format=5, channels=2, frequency=48000, lengthbytes=2656, lengthpcm=24917, pcmblocksize=0, loopstart=0, loopend=0, mode=0x00000000, channelmask=0x00000000, channelorder=0, peakvolume=0.248913.
[LOG] SystemI::createSoundInternal             : Create name='', mode=0x02000202
[LOG] SystemI::createSoundInternal             : exinfo->cbsize             = 224
[LOG] SystemI::createSoundInternal             : exinfo->length             = 21214080
[LOG] SystemI::createSoundInternal             : exinfo->fileoffset         = 177728
[LOG] SystemI::createSoundInternal             : exinfo->numsubsounds       = 1
[LOG] SystemI::createSoundInternal             : exinfo->inclusionlist      = 000000C9C5FAF178
[LOG] SystemI::createSoundInternal             : exinfo->inclusionlistnum   = 1
[LOG] SystemI::createSoundInternal             : exinfo->suggestedsoundtype = 5
[LOG] SystemI::createSoundInternal             : exinfo->useropen           = 00007FF9AD09D3E0
[LOG] SystemI::createSoundInternal             : exinfo->userclose          = 00007FF9AD09D3A0
[LOG] SystemI::createSoundInternal             : exinfo->userread           = 00007FF9AD09D4C0
[LOG] SystemI::createSoundInternal             : exinfo->userseek           = 00007FF9AD09D580
[LOG] SystemI::createSoundInternal             : exinfo->fileuserdata       = 000002434A14B158
[LOG] SystemI::createSoundInternal             : exinfo->initialseekpostype = 1
[LOG] SystemI::DSPCodecPoolRegister            : register codec pool for pool type 4
[LOG] SystemI::createSoundInternal             : Sample 0/1: name='B01 S01DS - 01-59 - Full 01', format=5, channels=1, frequency=48000, lengthbytes=2560, lengthpcm=15276, pcmblocksize=0, loopstart=0, loopend=0, mode=0x00000000, channelmask=0x00000000, channelorder=0, peakvolume=0.125492.
[LOG] SystemI::createSoundInternal             : Create name='', mode=0x02000202
[LOG] SystemI::createSoundInternal             : exinfo->cbsize             = 224
[LOG] SystemI::createSoundInternal             : exinfo->length             = 21214080
[LOG] SystemI::createSoundInternal             : exinfo->fileoffset         = 177728
[LOG] SystemI::createSoundInternal             : exinfo->numsubsounds       = 1
[LOG] SystemI::createSoundInternal             : exinfo->inclusionlist      = 000000C9C5FAF178
[LOG] SystemI::createSoundInternal             : exinfo->inclusionlistnum   = 1
[LOG] SystemI::createSoundInternal             : exinfo->suggestedsoundtype = 5
[LOG] SystemI::createSoundInternal             : exinfo->useropen           = 00007FF9AD09D3E0
[LOG] SystemI::createSoundInternal             : exinfo->userclose          = 00007FF9AD09D3A0
[LOG] SystemI::createSoundInternal             : exinfo->userread           = 00007FF9AD09D4C0
[LOG] SystemI::createSoundInternal             : exinfo->userseek           = 00007FF9AD09D580
[LOG] SystemI::createSoundInternal             : exinfo->fileuserdata       = 000002434A14B158
[LOG] SystemI::createSoundInternal             : exinfo->initialseekpostype = 1
[LOG] SystemI::DSPCodecPoolRegister            : register codec pool for pool type 4
[LOG] SystemI::createSoundInternal             : Sample 0/1: name='FootstepsForest-007', format=5, channels=2, frequency=48000, lengthbytes=2624, lengthpcm=27182, pcmblocksize=0, loopstart=0, loopend=0, mode=0x00000000, channelmask=0x00000000, channelorder=0, peakvolume=0.233884.
[LOG] SystemI::createSoundInternal             : Create name='', mode=0x02000202
[LOG] SystemI::createSoundInternal             : exinfo->cbsize             = 224
[LOG] SystemI::createSoundInternal             : exinfo->length             = 21214080
[LOG] SystemI::createSoundInternal             : exinfo->fileoffset         = 177728
[LOG] SystemI::createSoundInternal             : exinfo->numsubsounds       = 1
[LOG] SystemI::createSoundInternal             : exinfo->inclusionlist      = 000000C9C5FAF178
[LOG] SystemI::createSoundInternal             : exinfo->inclusionlistnum   = 1
[LOG] SystemI::createSoundInternal             : exinfo->suggestedsoundtype = 5
[LOG] SystemI::createSoundInternal             : exinfo->useropen           = 00007FF9AD09D3E0
[LOG] SystemI::createSoundInternal             : exinfo->userclose          = 00007FF9AD09D3A0
[LOG] SystemI::createSoundInternal             : exinfo->userread           = 00007FF9AD09D4C0
[LOG] SystemI::createSoundInternal             : exinfo->userseek           = 00007FF9AD09D580
[LOG] SystemI::createSoundInternal             : exinfo->fileuserdata       = 000002434A14B158
[LOG] SystemI::createSoundInternal             : exinfo->initialseekpostype = 1
[LOG] SystemI::DSPCodecPoolRegister            : register codec pool for pool type 4
[LOG] SystemI::createSoundInternal             : Sample 0/1: name='FootstepsForest-011', format=5, channels=2, frequency=48000, lengthbytes=2720, lengthpcm=25767, pcmblocksize=0, loopstart=0, loopend=0, mode=0x00000000, channelmask=0x00000000, channelorder=0, peakvolume=0.251189.
[LOG] SystemI::createSoundInternal             : Create name='', mode=0x02000202
[LOG] SystemI::createSoundInternal             : exinfo->cbsize             = 224
[LOG] SystemI::createSoundInternal             : exinfo->length             = 21214080
[LOG] SystemI::createSoundInternal             : exinfo->fileoffset         = 177728
[LOG] SystemI::createSoundInternal             : exinfo->numsubsounds       = 1
[LOG] SystemI::createSoundInternal             : exinfo->inclusionlist      = 000000C9C5FAF178
[LOG] SystemI::createSoundInternal             : exinfo->inclusionlistnum   = 1
[LOG] SystemI::createSoundInternal             : exinfo->suggestedsoundtype = 5
[LOG] SystemI::createSoundInternal             : exinfo->useropen           = 00007FF9AD09D3E0
[LOG] SystemI::createSoundInternal             : exinfo->userclose          = 00007FF9AD09D3A0
[LOG] SystemI::createSoundInternal             : exinfo->userread           = 00007FF9AD09D4C0
[LOG] SystemI::createSoundInternal             : exinfo->userseek           = 00007FF9AD09D580
[LOG] SystemI::createSoundInternal             : exinfo->fileuserdata       = 000002434A14B158
[LOG] SystemI::createSoundInternal             : exinfo->initialseekpostype = 1
[LOG] SystemI::DSPCodecPoolRegister            : register codec pool for pool type 4
[LOG] SystemI::createSoundInternal             : Sample 0/1: name='FootstepsForest-009', format=5, channels=2, frequency=48000, lengthbytes=2944, lengthpcm=26333, pcmblocksize=0, loopstart=0, loopend=0, mode=0x00000000, channelmask=0x00000000, channelorder=0, peakvolume=0.246358.
[LOG] SystemI::createSoundInternal             : Create name='', mode=0x02000202
[LOG] SystemI::createSoundInternal             : exinfo->cbsize             = 224
[LOG] SystemI::createSoundInternal             : exinfo->length             = 21214080
[LOG] SystemI::createSoundInternal             : exinfo->fileoffset         = 177728
[LOG] SystemI::createSoundInternal             : exinfo->numsubsounds       = 1
[LOG] SystemI::createSoundInternal             : exinfo->inclusionlist      = 000000C9C5FAF178
[LOG] SystemI::createSoundInternal             : exinfo->inclusionlistnum   = 1
[LOG] SystemI::createSoundInternal             : exinfo->suggestedsoundtype = 5
[LOG] SystemI::createSoundInternal             : exinfo->useropen           = 00007FF9AD09D3E0
[LOG] SystemI::createSoundInternal             : exinfo->userclose          = 00007FF9AD09D3A0
[LOG] SystemI::createSoundInternal             : exinfo->userread           = 00007FF9AD09D4C0
[LOG] SystemI::createSoundInternal             : exinfo->userseek           = 00007FF9AD09D580
[LOG] SystemI::createSoundInternal             : exinfo->fileuserdata       = 000002434A14B158
[LOG] SystemI::createSoundInternal             : exinfo->initialseekpostype = 1
[LOG] SystemI::DSPCodecPoolRegister            : register codec pool for pool type 4
[LOG] SystemI::createSoundInternal             : Sample 0/1: name='FootstepsForest-002', format=5, channels=2, frequency=48000, lengthbytes=2688, lengthpcm=21803, pcmblocksize=0, loopstart=0, loopend=0, mode=0x00000000, channelmask=0x00000000, channelorder=0, peakvolume=0.251189.
[LOG] SystemI::createSoundInternal             : Create name='', mode=0x02000202
[LOG] SystemI::createSoundInternal             : exinfo->cbsize             = 224
[LOG] SystemI::createSoundInternal             : exinfo->length             = 21214080
[LOG] SystemI::createSoundInternal             : exinfo->fileoffset         = 177728
[LOG] SystemI::createSoundInternal             : exinfo->numsubsounds       = 1
[LOG] SystemI::createSoundInternal             : exinfo->inclusionlist      = 000000C9C5FAF178
[LOG] SystemI::createSoundInternal             : exinfo->inclusionlistnum   = 1
[LOG] SystemI::createSoundInternal             : exinfo->suggestedsoundtype = 5
[LOG] SystemI::createSoundInternal             : exinfo->useropen           = 00007FF9AD09D3E0
[LOG] SystemI::createSoundInternal             : exinfo->userclose          = 00007FF9AD09D3A0
[LOG] SystemI::createSoundInternal             : exinfo->userread           = 00007FF9AD09D4C0
[LOG] SystemI::createSoundInternal             : exinfo->userseek           = 00007FF9AD09D580
[LOG] SystemI::createSoundInternal             : exinfo->fileuserdata       = 000002434A14B158
[LOG] SystemI::createSoundInternal             : exinfo->initialseekpostype = 1
[LOG] SystemI::DSPCodecPoolRegister            : register codec pool for pool type 4
[LOG] SystemI::createSoundInternal             : Sample 0/1: name='FootstepsForest-012', format=5, channels=2, frequency=48000, lengthbytes=2496, lengthpcm=22935, pcmblocksize=0, loopstart=0, loopend=0, mode=0x00000000, channelmask=0x00000000, channelorder=0, peakvolume=0.249750.
[LOG] SystemI::createSoundInternal             : Create name='', mode=0x02000202
[LOG] SystemI::createSoundInternal             : exinfo->cbsize             = 224
[LOG] SystemI::createSoundInternal             : exinfo->length             = 21214080
[LOG] SystemI::createSoundInternal             : exinfo->fileoffset         = 177728
[LOG] SystemI::createSoundInternal             : exinfo->numsubsounds       = 1
[LOG] SystemI::createSoundInternal             : exinfo->inclusionlist      = 000000C9C5FAF178
[LOG] SystemI::createSoundInternal             : exinfo->inclusionlistnum   = 1
[LOG] SystemI::createSoundInternal             : exinfo->suggestedsoundtype = 5
[LOG] SystemI::createSoundInternal             : exinfo->useropen           = 00007FF9AD09D3E0
[LOG] SystemI::createSoundInternal             : exinfo->userclose          = 00007FF9AD09D3A0
[LOG] SystemI::createSoundInternal             : exinfo->userread           = 00007FF9AD09D4C0
[LOG] SystemI::createSoundInternal             : exinfo->userseek           = 00007FF9AD09D580
[LOG] SystemI::createSoundInternal             : exinfo->fileuserdata       = 000002434A14B158
[LOG] SystemI::createSoundInternal             : exinfo->initialseekpostype = 1
[LOG] SystemI::DSPCodecPoolRegister            : register codec pool for pool type 4
[LOG] SystemI::createSoundInternal             : Sample 0/1: name='B01 S01DS - 01-59 - Full 02', format=5, channels=1, frequency=48000, lengthbytes=1408, lengthpcm=6594, pcmblocksize=0, loopstart=0, loopend=0, mode=0x00000000, channelmask=0x00000000, channelorder=0, peakvolume=0.066756.
[LOG] SystemI::createSoundInternal             : Create name='', mode=0x02000202
[LOG] SystemI::createSoundInternal             : exinfo->cbsize             = 224
[LOG] SystemI::createSoundInternal             : exinfo->length             = 21214080
[LOG] SystemI::createSoundInternal             : exinfo->fileoffset         = 177728
[LOG] SystemI::createSoundInternal             : exinfo->numsubsounds       = 1
[LOG] SystemI::createSoundInternal             : exinfo->inclusionlist      = 000000C9C5FAF178
[LOG] SystemI::createSoundInternal             : exinfo->inclusionlistnum   = 1
[LOG] SystemI::createSoundInternal             : exinfo->suggestedsoundtype = 5
[LOG] SystemI::createSoundInternal             : exinfo->useropen           = 00007FF9AD09D3E0
[LOG] SystemI::createSoundInternal             : exinfo->userclose          = 00007FF9AD09D3A0
[LOG] SystemI::createSoundInternal             : exinfo->userread           = 00007FF9AD09D4C0
[LOG] SystemI::createSoundInternal             : exinfo->userseek           = 00007FF9AD09D580
[LOG] SystemI::createSoundInternal             : exinfo->fileuserdata       = 000002434A14B158
[LOG] SystemI::createSoundInternal             : exinfo->initialseekpostype = 1
[LOG] SystemI::DSPCodecPoolRegister            : register codec pool for pool type 4
[LOG] SystemI::createSoundInternal             : Sample 0/1: name='FootstepsForest-004', format=5, channels=2, frequency=48000, lengthbytes=3040, lengthpcm=26333, pcmblocksize=0, loopstart=0, loopend=0, mode=0x00000000, channelmask=0x00000000, channelorder=0, peakvolume=0.233067.
[LOG] SystemI::createSoundInternal             : Create name='', mode=0x02000202
[LOG] SystemI::createSoundInternal             : exinfo->cbsize             = 224
[LOG] SystemI::createSoundInternal             : exinfo->length             = 21214080
[LOG] SystemI::createSoundInternal             : exinfo->fileoffset         = 177728
[LOG] SystemI::createSoundInternal             : exinfo->numsubsounds       = 1
[LOG] SystemI::createSoundInternal             : exinfo->inclusionlist      = 000000C9C5FAF178
[LOG] SystemI::createSoundInternal             : exinfo->inclusionlistnum   = 1
[LOG] SystemI::createSoundInternal             : exinfo->suggestedsoundtype = 5
[LOG] SystemI::createSoundInternal             : exinfo->useropen           = 00007FF9AD09D3E0
[LOG] SystemI::createSoundInternal             : exinfo->userclose          = 00007FF9AD09D3A0
[LOG] SystemI::createSoundInternal             : exinfo->userread           = 00007FF9AD09D4C0
[LOG] SystemI::createSoundInternal             : exinfo->userseek           = 00007FF9AD09D580
[LOG] SystemI::createSoundInternal             : exinfo->fileuserdata       = 000002434A14B158
[LOG] SystemI::createSoundInternal             : exinfo->initialseekpostype = 1
[LOG] SystemI::DSPCodecPoolRegister            : register codec pool for pool type 4
[LOG] SystemI::createSoundInternal             : Sample 0/1: name='FootstepsForest-008', format=5, channels=2, frequency=48000, lengthbytes=2560, lengthpcm=24634, pcmblocksize=0, loopstart=0, loopend=0, mode=0x00000000, channelmask=0x00000000, channelorder=0, peakvolume=0.251189.
[LOG] SystemI::createSoundInternal             : Create name='', mode=0x02000202
[LOG] SystemI::createSoundInternal             : exinfo->cbsize             = 224
[LOG] SystemI::createSoundInternal             : exinfo->length             = 21214080
[LOG] SystemI::createSoundInternal             : exinfo->fileoffset         = 177728
[LOG] SystemI::createSoundInternal             : exinfo->numsubsounds       = 1
[LOG] SystemI::createSoundInternal             : exinfo->inclusionlist      = 000000C9C5FAF178
[LOG] SystemI::createSoundInternal             : exinfo->inclusionlistnum   = 1
[LOG] SystemI::createSoundInternal             : exinfo->suggestedsoundtype = 5
[LOG] SystemI::createSoundInternal             : exinfo->useropen           = 00007FF9AD09D3E0
[LOG] SystemI::createSoundInternal             : exinfo->userclose          = 00007FF9AD09D3A0
[LOG] SystemI::createSoundInternal             : exinfo->userread           = 00007FF9AD09D4C0
[LOG] SystemI::createSoundInternal             : exinfo->userseek           = 00007FF9AD09D580
[LOG] SystemI::createSoundInternal             : exinfo->fileuserdata       = 000002434A14B158
[LOG] SystemI::createSoundInternal             : exinfo->initialseekpostype = 1
[LOG] SystemI::DSPCodecPoolRegister            : register codec pool for pool type 4
[LOG] SystemI::createSoundInternal             : Sample 0/1: name='FootstepsForest-003', format=5, channels=2, frequency=48000, lengthbytes=2656, lengthpcm=22369, pcmblocksize=0, loopstart=0, loopend=0, mode=0x00000000, channelmask=0x00000000, channelorder=0, peakvolume=0.251189.
[LOG] SystemI::createSoundInternal             : Create name='', mode=0x02000202
[LOG] SystemI::createSoundInternal             : exinfo->cbsize             = 224
[LOG] SystemI::createSoundInternal             : exinfo->length             = 21214080
[LOG] SystemI::createSoundInternal             : exinfo->fileoffset         = 177728
[LOG] SystemI::createSoundInternal             : exinfo->numsubsounds       = 1
[LOG] SystemI::createSoundInternal             : exinfo->inclusionlist      = 000000C9C5FAF178
[LOG] SystemI::createSoundInternal             : exinfo->inclusionlistnum   = 1
[LOG] SystemI::createSoundInternal             : exinfo->suggestedsoundtype = 5
[LOG] SystemI::createSoundInternal             : exinfo->useropen           = 00007FF9AD09D3E0
[LOG] SystemI::createSoundInternal             : exinfo->userclose          = 00007FF9AD09D3A0
[LOG] SystemI::createSoundInternal             : exinfo->userread           = 00007FF9AD09D4C0
[LOG] SystemI::createSoundInternal             : exinfo->userseek           = 00007FF9AD09D580
[LOG] SystemI::createSoundInternal             : exinfo->fileuserdata       = 000002434A14B158
[LOG] SystemI::createSoundInternal             : exinfo->initialseekpostype = 1
[LOG] SystemI::DSPCodecPoolRegister            : register codec pool for pool type 4
[LOG] SystemI::createSoundInternal             : Sample 0/1: name='FootstepsForest-010', format=5, channels=2, frequency=48000, lengthbytes=2784, lengthpcm=23501, pcmblocksize=0, loopstart=0, loopend=0, mode=0x00000000, channelmask=0x00000000, channelorder=0, peakvolume=0.250969.
[LOG] SystemI::createSoundInternal             : Create name='', mode=0x02000202
[LOG] SystemI::createSoundInternal             : exinfo->cbsize             = 224
[LOG] SystemI::createSoundInternal             : exinfo->length             = 21214080
[LOG] SystemI::createSoundInternal             : exinfo->fileoffset         = 177728
[LOG] SystemI::createSoundInternal             : exinfo->numsubsounds       = 1
[LOG] SystemI::createSoundInternal             : exinfo->inclusionlist      = 000000C9C5FAF178
[LOG] SystemI::createSoundInternal             : exinfo->inclusionlistnum   = 1
[LOG] SystemI::createSoundInternal             : exinfo->suggestedsoundtype = 5
[LOG] SystemI::createSoundInternal             : exinfo->useropen           = 00007FF9AD09D3E0
[LOG] SystemI::createSoundInternal             : exinfo->userclose          = 00007FF9AD09D3A0
[LOG] SystemI::createSoundInternal             : exinfo->userread           = 00007FF9AD09D4C0
[LOG] SystemI::createSoundInternal             : exinfo->userseek           = 00007FF9AD09D580
[LOG] SystemI::createSoundInternal             : exinfo->fileuserdata       = 000002434A14B158
[LOG] SystemI::createSoundInternal             : exinfo->initialseekpostype = 1
[LOG] SystemI::DSPCodecPoolRegister            : register codec pool for pool type 4
[LOG] SystemI::createSoundInternal             : Sample 0/1: name='FootstepsForest-005', format=5, channels=2, frequency=48000, lengthbytes=3232, lengthpcm=25767, pcmblocksize=0, loopstart=0, loopend=0, mode=0x00000000, channelmask=0x00000000, channelorder=0, peakvolume=0.179332.
[LOG] SystemI::createSoundInternal             : Create name='', mode=0x02000202
[LOG] SystemI::createSoundInternal             : exinfo->cbsize             = 224
[LOG] SystemI::createSoundInternal             : exinfo->length             = 21214080
[LOG] SystemI::createSoundInternal             : exinfo->fileoffset         = 177728
[LOG] SystemI::createSoundInternal             : exinfo->numsubsounds       = 1
[LOG] SystemI::createSoundInternal             : exinfo->inclusionlist      = 000000C9C5FAF178
[LOG] SystemI::createSoundInternal             : exinfo->inclusionlistnum   = 1
[LOG] SystemI::createSoundInternal             : exinfo->suggestedsoundtype = 5
[LOG] SystemI::createSoundInternal             : exinfo->useropen           = 00007FF9AD09D3E0
[LOG] SystemI::createSoundInternal             : exinfo->userclose          = 00007FF9AD09D3A0
[LOG] SystemI::createSoundInternal             : exinfo->userread           = 00007FF9AD09D4C0
[LOG] SystemI::createSoundInternal             : exinfo->userseek           = 00007FF9AD09D580
[LOG] SystemI::createSoundInternal             : exinfo->fileuserdata       = 000002434A14B158
[LOG] SystemI::createSoundInternal             : exinfo->initialseekpostype = 1
[LOG] SystemI::DSPCodecPoolRegister            : register codec pool for pool type 4
[LOG] SystemI::createSoundInternal             : Sample 0/1: name='B01 S01DS - 01-59 - Full 03', format=5, channels=1, frequency=48000, lengthbytes=2400, lengthpcm=13260, pcmblocksize=0, loopstart=0, loopend=0, mode=0x00000000, channelmask=0x00000000, channelorder=0, peakvolume=0.089417.
[LOG] SoundI::release                          : Water, Waterfall, Steady, Perspective SND0047 (0000023FAF70E978)
[LOG] SoundI::release                          :     Water, Waterfall, Steady, Perspective SND0047 (0000024318D41278)
[LOG] SoundI::release                          :     Water, Waterfall, Steady, Perspective SND0047 (00000243FA181558)
[LOG] SoundI::release                          : Water, Flow, Brook, Small, Close, Distant Waterfall 01 SND3384 (0000023FAF70E7E8)
[LOG] SoundI::release                          :     Water, Flow, Brook, Small, Close, Distant Waterfall 01 SND3384 (0000024318D40078)
[LOG] SoundI::release                          :     Water, Flow, Brook, Small, Close, Distant Waterfall 01 SND3384 (00000243FA1813C8)
[LOG] SystemI::createSoundInternal             : Create name='', mode=0x02000202
[LOG] SystemI::createSoundInternal             : exinfo->cbsize             = 224
[LOG] SystemI::createSoundInternal             : exinfo->length             = 21214080
[LOG] SystemI::createSoundInternal             : exinfo->fileoffset         = 177728
[LOG] SystemI::createSoundInternal             : exinfo->numsubsounds       = 1
[LOG] SystemI::createSoundInternal             : exinfo->inclusionlist      = 000000C9C5FAF178
[LOG] SystemI::createSoundInternal             : exinfo->inclusionlistnum   = 1
[LOG] SystemI::createSoundInternal             : exinfo->suggestedsoundtype = 5
[LOG] SystemI::createSoundInternal             : exinfo->useropen           = 00007FF9AD09D3E0
[LOG] SystemI::createSoundInternal             : exinfo->userclose          = 00007FF9AD09D3A0
[LOG] SystemI::createSoundInternal             : exinfo->userread           = 00007FF9AD09D4C0
[LOG] SystemI::createSoundInternal             : exinfo->userseek           = 00007FF9AD09D580
[LOG] SystemI::createSoundInternal             : exinfo->fileuserdata       = 000002434A14AD38
[LOG] SystemI::createSoundInternal             : exinfo->initialseekpostype = 1
[LOG] SystemI::DSPCodecPoolRegister            : register codec pool for pool type 4
[LOG] SystemI::createSoundInternal             : Sample 0/1: name='WolfEmote', format=5, channels=2, frequency=48000, lengthbytes=52928, lengthpcm=266154, pcmblocksize=0, loopstart=0, loopend=0, mode=0x00000000, channelmask=0x00000000, channelorder=0, peakvolume=0.239379.
[LOG] AsyncThread::threadFunc                  : Starting Asynchronous operation on sound 0000024162788A58
[LOG] AsyncThread::threadFunc                  : Finished Asynchronous operation on sound 0000024162788A58
[LOG] AsyncThread::threadFunc                  : Starting Asynchronous operation on sound 00000243FA180D88
[LOG] AsyncThread::threadFunc                  : Finished Asynchronous operation on sound 00000243FA180D88
[LOG] SoundI::release                          :  (0000024304D715F8)
[LOG] SoundI::release                          :     Woosh-001 (0000024218F04378)
[LOG] SoundI::release                          :  (0000023FB0AFDBA8)
[LOG] SoundI::release                          :     Woosh-002 (0000024218F041F8)
[LOG] SoundI::release                          :  (0000024304D71758)
[LOG] SoundI::release                          :     Woosh-003 (0000024218F047F8)
[LOG] SoundI::release                          :  (0000023FB0AFDD08)
[LOG] SoundI::release                          :     Woosh-004 (0000024218F04DF8)
[LOG] SoundI::release                          :  (0000024320A128D8)
[LOG] SoundI::release                          :     SlimeGrowl-001 (0000023FB136D378)
[LOG] SystemI::createSound                     : filename = Assets/_Core/Sounds/MoonlitMixes_AudioSystem/Build/Desktop/SFX.bank : mode 02010082
[LOG] SystemI::createSound                     : FMOD_NONBLOCKING specified.  Putting into queue to be opened asynchronously!
[LOG] AsyncThread::add                         : add sound to async queue : soundi = 0000023FAF70F148, queue head = 000002434A47D558, queue count = 0
[LOG] AsyncThread::threadFunc                  : Starting Asynchronous operation on sound 0000023FAF70F148
[LOG] SystemI::createSoundInternal             :     Create name='Assets/_Core/Sounds/MoonlitMixes_AudioSystem/Build/Desktop/SFX.bank', mode=0x02010082
[LOG] SystemI::createSoundInternal             :     exinfo->cbsize             = 224
[LOG] SystemI::createSoundInternal             :     exinfo->length             = 21214080
[LOG] SystemI::createSoundInternal             :     exinfo->fileoffset         = 177728
[LOG] SystemI::createSoundInternal             :     exinfo->numsubsounds       = 1
[LOG] SystemI::createSoundInternal             :     exinfo->inclusionlist      = 0000023FB05CA3B8
[LOG] SystemI::createSoundInternal             :     exinfo->inclusionlistnum   = 1
[LOG] SystemI::createSoundInternal             :     exinfo->suggestedsoundtype = 5
[LOG] SystemI::createSoundInternal             :     exinfo->initialseekpostype = 1
[LOG] SystemI::createSoundInternal             :     Stream 0/1: name='crow_distressed', format=5, channels=2, frequency=48000, lengthbytes=76256, lengthpcm=621444, pcmblocksize=0, loopstart=0, loopend=0, mode=0x00000000, channelmask=0x00000000, channelorder=0, peakvolume=0.631808.
[LOG] AsyncThread::threadFunc                  : Finished Asynchronous operation on sound 0000023FAF70F148
[LOG] AsyncThread::add                         : add sound to async queue : soundi = 00000243F98FAA38, queue head = 000002434A47D558, queue count = 0
[LOG] AsyncThread::threadFunc                  : Starting Asynchronous operation on sound 00000243F98FAA38
[LOG] AsyncThread::threadFunc                  : Finished Asynchronous operation on sound 00000243F98FAA38
[LOG] SystemI::createSoundInternal             : Create name='', mode=0x02000202
[LOG] SystemI::createSoundInternal             : exinfo->cbsize             = 224
[LOG] SystemI::createSoundInternal             : exinfo->length             = 21214080
[LOG] SystemI::createSoundInternal             : exinfo->fileoffset         = 177728
[LOG] SystemI::createSoundInternal             : exinfo->numsubsounds       = 1
[LOG] SystemI::createSoundInternal             : exinfo->inclusionlist      = 000000C9C5FAF178
[LOG] SystemI::createSoundInternal             : exinfo->inclusionlistnum   = 1
[LOG] SystemI::createSoundInternal             : exinfo->suggestedsoundtype = 5
[LOG] SystemI::createSoundInternal             : exinfo->useropen           = 00007FF9AD09D3E0
[LOG] SystemI::createSoundInternal             : exinfo->userclose          = 00007FF9AD09D3A0
[LOG] SystemI::createSoundInternal             : exinfo->userread           = 00007FF9AD09D4C0
[LOG] SystemI::createSoundInternal             : exinfo->userseek           = 00007FF9AD09D580
[LOG] SystemI::createSoundInternal             : exinfo->fileuserdata       = 000002434A14C1D8
[LOG] SystemI::createSoundInternal             : exinfo->initialseekpostype = 1
[LOG] SystemI::DSPCodecPoolRegister            : register codec pool for pool type 4
[LOG] SystemI::createSoundInternal             : Sample 0/1: name='Woosh-002', format=5, channels=2, frequency=48000, lengthbytes=5888, lengthpcm=21605, pcmblocksize=0, loopstart=0, loopend=0, mode=0x00000000, channelmask=0x00000000, channelorder=0, peakvolume=0.249147.
[LOG] SystemI::createSoundInternal             : Create name='', mode=0x02000202
[LOG] SystemI::createSoundInternal             : exinfo->cbsize             = 224
[LOG] SystemI::createSoundInternal             : exinfo->length             = 21214080
[LOG] SystemI::createSoundInternal             : exinfo->fileoffset         = 177728
[LOG] SystemI::createSoundInternal             : exinfo->numsubsounds       = 1
[LOG] SystemI::createSoundInternal             : exinfo->inclusionlist      = 000000C9C5FAF178
[LOG] SystemI::createSoundInternal             : exinfo->inclusionlistnum   = 1
[LOG] SystemI::createSoundInternal             : exinfo->suggestedsoundtype = 5
[LOG] SystemI::createSoundInternal             : exinfo->useropen           = 00007FF9AD09D3E0
[LOG] SystemI::createSoundInternal             : exinfo->userclose          = 00007FF9AD09D3A0
[LOG] SystemI::createSoundInternal             : exinfo->userread           = 00007FF9AD09D4C0
[LOG] SystemI::createSoundInternal             : exinfo->userseek           = 00007FF9AD09D580
[LOG] SystemI::createSoundInternal             : exinfo->fileuserdata       = 000002434A14C1D8
[LOG] SystemI::createSoundInternal             : exinfo->initialseekpostype = 1
[LOG] SystemI::DSPCodecPoolRegister            : register codec pool for pool type 4
[LOG] SystemI::createSoundInternal             : Sample 0/1: name='Woosh-004', format=5, channels=2, frequency=48000, lengthbytes=6272, lengthpcm=21977, pcmblocksize=0, loopstart=0, loopend=0, mode=0x00000000, channelmask=0x00000000, channelorder=0, peakvolume=0.251189.
[LOG] SystemI::createSoundInternal             : Create name='', mode=0x02000202
[LOG] SystemI::createSoundInternal             : exinfo->cbsize             = 224
[LOG] SystemI::createSoundInternal             : exinfo->length             = 21214080
[LOG] SystemI::createSoundInternal             : exinfo->fileoffset         = 177728
[LOG] SystemI::createSoundInternal             : exinfo->numsubsounds       = 1
[LOG] SystemI::createSoundInternal             : exinfo->inclusionlist      = 000000C9C5FAF178
[LOG] SystemI::createSoundInternal             : exinfo->inclusionlistnum   = 1
[LOG] SystemI::createSoundInternal             : exinfo->suggestedsoundtype = 5
[LOG] SystemI::createSoundInternal             : exinfo->useropen           = 00007FF9AD09D3E0
[LOG] SystemI::createSoundInternal             : exinfo->userclose          = 00007FF9AD09D3A0
[LOG] SystemI::createSoundInternal             : exinfo->userread           = 00007FF9AD09D4C0
[LOG] SystemI::createSoundInternal             : exinfo->userseek           = 00007FF9AD09D580
[LOG] SystemI::createSoundInternal             : exinfo->fileuserdata       = 000002434A14C1D8
[LOG] SystemI::createSoundInternal             : exinfo->initialseekpostype = 1
[LOG] SystemI::DSPCodecPoolRegister            : register codec pool for pool type 4
[LOG] SystemI::createSoundInternal             : Sample 0/1: name='Woosh-001', format=5, channels=2, frequency=48000, lengthbytes=5504, lengthpcm=19743, pcmblocksize=0, loopstart=0, loopend=0, mode=0x00000000, channelmask=0x00000000, channelorder=0, peakvolume=0.251189.
[LOG] SystemI::createSoundInternal             : Create name='', mode=0x02000202
[LOG] SystemI::createSoundInternal             : exinfo->cbsize             = 224
[LOG] SystemI::createSoundInternal             : exinfo->length             = 21214080
[LOG] SystemI::createSoundInternal             : exinfo->fileoffset         = 177728
[LOG] SystemI::createSoundInternal             : exinfo->numsubsounds       = 1
[LOG] SystemI::createSoundInternal             : exinfo->inclusionlist      = 000000C9C5FAF178
[LOG] SystemI::createSoundInternal             : exinfo->inclusionlistnum   = 1
[LOG] SystemI::createSoundInternal             : exinfo->suggestedsoundtype = 5
[LOG] SystemI::createSoundInternal             : exinfo->useropen           = 00007FF9AD09D3E0
[LOG] SystemI::createSoundInternal             : exinfo->userclose          = 00007FF9AD09D3A0
[LOG] SystemI::createSoundInternal             : exinfo->userread           = 00007FF9AD09D4C0
[LOG] SystemI::createSoundInternal             : exinfo->userseek           = 00007FF9AD09D580
[LOG] SystemI::createSoundInternal             : exinfo->fileuserdata       = 000002434A14C1D8
[LOG] SystemI::createSoundInternal             : exinfo->initialseekpostype = 1
[LOG] SystemI::DSPCodecPoolRegister            : register codec pool for pool type 4
[LOG] SystemI::createSoundInternal             : Sample 0/1: name='Woosh-003', format=5, channels=2, frequency=48000, lengthbytes=6688, lengthpcm=23840, pcmblocksize=0, loopstart=0, loopend=0, mode=0x00000000, channelmask=0x00000000, channelorder=0, peakvolume=0.247595.
[LOG] SoundI::release                          :  (0000024320A12CF8)
[LOG] SoundI::release                          :     SlimeGrowl-002 (0000024406FAF758)
[LOG] SoundI::release                          : crow_distressed (0000023FAF70F148)
[LOG] SoundI::release                          :     crow_distressed (0000024218F04978)
[LOG] SoundI::release                          :     crow_distressed (00000243F98FAA38)
[LOG] SoundI::release                          :  (0000023FB0AFDD08)
[LOG] SoundI::release                          :     Woosh-001 (0000024218F053F8)
[LOG] SoundI::release                          :  (0000023FB0AFDA48)
[LOG] SoundI::release                          :     Woosh-002 (0000024218F04F78)
[LOG] SoundI::release                          :  (000002415C32F8D8)
[LOG] SoundI::release                          :     Woosh-003 (0000024218F04678)
[LOG] SoundI::release                          :  (0000023FB0AFDBA8)
[LOG] SoundI::release                          :     Woosh-004 (0000024218F05578)
[LOG] SoundI::release                          :  (000002415E0D58A8)
[LOG] SoundI::release                          :     FootstepsForest-001 (0000023FB4BC2848)
[LOG] SoundI::release                          :  (000002415E0D4DA8)
[LOG] SoundI::release                          :     FootstepsForest-002 (0000023FB4BC1048)
[LOG] SoundI::release                          :  (0000023FB0AFD628)
[LOG] SoundI::release                          :     FootstepsForest-003 (00000241616A62C8)
[LOG] SoundI::release                          :  (0000023FB0AFD0A8)
[LOG] SoundI::release                          :     FootstepsForest-004 (00000241616A47C8)
[LOG] SoundI::release                          :  (0000023FB0AFDE68)
[LOG] SoundI::release                          :     FootstepsForest-005 (00000241616A5CC8)
[LOG] SoundI::release                          :  (000002415E0D4AE8)
[LOG] SoundI::release                          :     FootstepsForest-006 (0000023FB4BC3448)
[LOG] SoundI::release                          :  (000002415E0D5328)
[LOG] SoundI::release                          :     FootstepsForest-007 (0000023FB4BC05C8)
[LOG] SoundI::release                          :  (0000023FB0AFD4C8)
[LOG] SoundI::release                          :     FootstepsForest-008 (00000241616A5848)
[LOG] SoundI::release                          :  (000002415E0D5748)
[LOG] SoundI::release                          :     FootstepsForest-009 (0000023FB4BC0D48)
[LOG] SoundI::release                          :  (0000023FB0AFD788)
[LOG] SoundI::release                          :     FootstepsForest-010 (00000241616A4DC8)
[LOG] SoundI::release                          :  (000002415E0D5068)
[LOG] SoundI::release                          :     FootstepsForest-011 (0000023FB4BC1948)
[LOG] SoundI::release                          :  (000002415E0D55E8)
[LOG] SoundI::release                          :     FootstepsForest-012 (0000023FB4BC1648)
[LOG] SoundI::release                          :  (000002415E0D4C48)
[LOG] SoundI::release                          :     FootstepsForest-013 (0000023FB4BC2B48)
[LOG] SoundI::release                          :  (000002415E0D4F08)
[LOG] SoundI::release                          :     B01 S01DS - 01-59 - Full 01 (0000023FB4BBFFC8)
[LOG] SoundI::release                          :  (0000023FB0AFD8E8)
[LOG] SoundI::release                          :     B01 S01DS - 01-59 - Full 02 (00000241616A4648)
[LOG] SoundI::release                          :  (0000023FB0AFD208)
[LOG] SoundI::release                          :     B01 S01DS - 01-59 - Full 03 (00000241616A6148)
[LOG] SoundI::release                          :  (0000024160B260A8)
[LOG] SoundI::release                          :     B01 S01DS - 01-59 - Full 04 (0000024272B139F8)
[LOG] SoundI::release                          :  (00000243FA61E698)
[LOG] SoundI::release                          :     B01 S01DS - 01-59 - Full 05 (0000024321007A48)
[LOG] SoundI::release                          :  (0000024160B26788)
[LOG] SoundI::release                          :     B01 S01DS - 01-59 - Full 06 (0000024272B124F8)
[LOG] SoundI::release                          :  (0000024304D71E38)
[LOG] SoundI::release                          :     B01 S01DS - 01-59 - Full 07 (0000024320FFDB48)
[LOG] SoundI::release                          :  (000002415E0D51C8)
[LOG] SoundI::release                          :     B01 S01DS - 01-59 - Full 08 (0000024272B12378)
[LOG] SoundI::release                          :  (000002415C32FCF8)
[LOG] SoundI::release                          :     B01 S01DS - 01-59 - Full 09 (0000024321002C48)
[LOG] SoundI::release                          :  (0000024160B26368)
[LOG] SoundI::release                          :     B01 S01DS - 01-59 - Full 10 (0000024272B11EF8)
[LOG] SoundI::release                          :  (0000024304D71078)
[LOG] SoundI::release                          :     B01 S01DS - 01-59 - Full 11 (0000024321000B48)
[LOG] SoundI::release                          :  (0000023FFED755C8)
[LOG] SoundI::release                          :     B01 S01DS - 01-59 - Full 12 (0000024272B13B78)
[LOG] SoundI::release                          :  (000002415E0D5488)
[LOG] SoundI::release                          :     B01 S01DS - 01-59 - Full 13 (0000024318D40378)
[LOG] SoundI::release                          :  (000002431D329D28)
[LOG] SoundI::release                          :     B01 S01DS - 01-59 - Full 14 (0000024272B12C78)
[LOG] SoundI::release                          :  (00000243FA61EED8)
[LOG] SoundI::release                          :     B01 S01DS - 01-59 - Full 15 (0000024321005C48)
[LOG] SystemI::createSoundInternal             : Create name='', mode=0x02000202
[LOG] SystemI::createSoundInternal             : exinfo->cbsize             = 224
[LOG] SystemI::createSoundInternal             : exinfo->length             = 21214080
[LOG] SystemI::createSoundInternal             : exinfo->fileoffset         = 177728
[LOG] SystemI::createSoundInternal             : exinfo->numsubsounds       = 1
[LOG] SystemI::createSoundInternal             : exinfo->inclusionlist      = 000000C9C5FAF178
[LOG] SystemI::createSoundInternal             : exinfo->inclusionlistnum   = 1
[LOG] SystemI::createSoundInternal             : exinfo->suggestedsoundtype = 5
[LOG] SystemI::createSoundInternal             : exinfo->useropen           = 00007FF9AD09D3E0
[LOG] SystemI::createSoundInternal             : exinfo->userclose          = 00007FF9AD09D3A0
[LOG] SystemI::createSoundInternal             : exinfo->userread           = 00007FF9AD09D4C0
[LOG] SystemI::createSoundInternal             : exinfo->userseek           = 00007FF9AD09D580
[LOG] SystemI::createSoundInternal             : exinfo->fileuserdata       = 000002434A14B578
[LOG] SystemI::createSoundInternal             : exinfo->initialseekpostype = 1
[LOG] SystemI::DSPCodecPoolRegister            : register codec pool for pool type 4
[LOG] SystemI::createSoundInternal             : Sample 0/1: name='B01 S01DS - 01-59 - Full 11', format=5, channels=1, frequency=48000, lengthbytes=1856, lengthpcm=9600, pcmblocksize=0, loopstart=0, loopend=0, mode=0x00000000, channelmask=0x00000000, channelorder=0, peakvolume=0.099632.
[LOG] SystemI::createSoundInternal             : Create name='', mode=0x02000202
[LOG] SystemI::createSoundInternal             : exinfo->cbsize             = 224
[LOG] SystemI::createSoundInternal             : exinfo->length             = 21214080
[LOG] SystemI::createSoundInternal             : exinfo->fileoffset         = 177728
[LOG] SystemI::createSoundInternal             : exinfo->numsubsounds       = 1
[LOG] SystemI::createSoundInternal             : exinfo->inclusionlist      = 000000C9C5FAF178
[LOG] SystemI::createSoundInternal             : exinfo->inclusionlistnum   = 1
[LOG] SystemI::createSoundInternal             : exinfo->suggestedsoundtype = 5
[LOG] SystemI::createSoundInternal             : exinfo->useropen           = 00007FF9AD09D3E0
[LOG] SystemI::createSoundInternal             : exinfo->userclose          = 00007FF9AD09D3A0
[LOG] SystemI::createSoundInternal             : exinfo->userread           = 00007FF9AD09D4C0
[LOG] SystemI::createSoundInternal             : exinfo->userseek           = 00007FF9AD09D580
[LOG] SystemI::createSoundInternal             : exinfo->fileuserdata       = 000002434A14B578
[LOG] SystemI::createSoundInternal             : exinfo->initialseekpostype = 1
[LOG] SystemI::DSPCodecPoolRegister            : register codec pool for pool type 4
[LOG] SystemI::createSoundInternal             : Sample 0/1: name='FootstepsForest-006', format=5, channels=2, frequency=48000, lengthbytes=3232, lengthpcm=24351, pcmblocksize=0, loopstart=0, loopend=0, mode=0x00000000, channelmask=0x00000000, channelorder=0, peakvolume=0.224381.
[LOG] SystemI::createSoundInternal             : Create name='', mode=0x02000202
[LOG] SystemI::createSoundInternal             : exinfo->cbsize             = 224
[LOG] SystemI::createSoundInternal             : exinfo->length             = 21214080
[LOG] SystemI::createSoundInternal             : exinfo->fileoffset         = 177728
[LOG] SystemI::createSoundInternal             : exinfo->numsubsounds       = 1
[LOG] SystemI::createSoundInternal             : exinfo->inclusionlist      = 000000C9C5FAF178
[LOG] SystemI::createSoundInternal             : exinfo->inclusionlistnum   = 1
[LOG] SystemI::createSoundInternal             : exinfo->suggestedsoundtype = 5
[LOG] SystemI::createSoundInternal             : exinfo->useropen           = 00007FF9AD09D3E0
[LOG] SystemI::createSoundInternal             : exinfo->userclose          = 00007FF9AD09D3A0
[LOG] SystemI::createSoundInternal             : exinfo->userread           = 00007FF9AD09D4C0
[LOG] SystemI::createSoundInternal             : exinfo->userseek           = 00007FF9AD09D580
[LOG] SystemI::createSoundInternal             : exinfo->fileuserdata       = 000002434A14B578
[LOG] SystemI::createSoundInternal             : exinfo->initialseekpostype = 1
[LOG] SystemI::DSPCodecPoolRegister            : register codec pool for pool type 4
[LOG] SystemI::createSoundInternal             : Sample 0/1: name='FootstepsForest-001', format=5, channels=2, frequency=48000, lengthbytes=3168, lengthpcm=21643, pcmblocksize=0, loopstart=0, loopend=0, mode=0x00000000, channelmask=0x00000000, channelorder=0, peakvolume=0.248337.
[LOG] SystemI::createSoundInternal             : Create name='', mode=0x02000202
[LOG] SystemI::createSoundInternal             : exinfo->cbsize             = 224
[LOG] SystemI::createSoundInternal             : exinfo->length             = 21214080
[LOG] SystemI::createSoundInternal             : exinfo->fileoffset         = 177728
[LOG] SystemI::createSoundInternal             : exinfo->numsubsounds       = 1
[LOG] SystemI::createSoundInternal             : exinfo->inclusionlist      = 000000C9C5FAF178
[LOG] SystemI::createSoundInternal             : exinfo->inclusionlistnum   = 1
[LOG] SystemI::createSoundInternal             : exinfo->suggestedsoundtype = 5
[LOG] SystemI::createSoundInternal             : exinfo->useropen           = 00007FF9AD09D3E0
[LOG] SystemI::createSoundInternal             : exinfo->userclose          = 00007FF9AD09D3A0
[LOG] SystemI::createSoundInternal             : exinfo->userread           = 00007FF9AD09D4C0
[LOG] SystemI::createSoundInternal             : exinfo->userseek           = 00007FF9AD09D580
[LOG] SystemI::createSoundInternal             : exinfo->fileuserdata       = 000002434A14B578
[LOG] SystemI::createSoundInternal             : exinfo->initialseekpostype = 1
[LOG] SystemI::DSPCodecPoolRegister            : register codec pool for pool type 4
[LOG] SystemI::createSoundInternal             : Sample 0/1: name='B01 S01DS - 01-59 - Full 07', format=5, channels=1, frequency=48000, lengthbytes=2208, lengthpcm=12841, pcmblocksize=0, loopstart=0, loopend=0, mode=0x00000000, channelmask=0x00000000, channelorder=0, peakvolume=0.128601.
[LOG] SystemI::createSoundInternal             : Create name='', mode=0x02000202
[LOG] SystemI::createSoundInternal             : exinfo->cbsize             = 224
[LOG] SystemI::createSoundInternal             : exinfo->length             = 21214080
[LOG] SystemI::createSoundInternal             : exinfo->fileoffset         = 177728
[LOG] SystemI::createSoundInternal             : exinfo->numsubsounds       = 1
[LOG] SystemI::createSoundInternal             : exinfo->inclusionlist      = 000000C9C5FAF178
[LOG] SystemI::createSoundInternal             : exinfo->inclusionlistnum   = 1
[LOG] SystemI::createSoundInternal             : exinfo->suggestedsoundtype = 5
[LOG] SystemI::createSoundInternal             : exinfo->useropen           = 00007FF9AD09D3E0
[LOG] SystemI::createSoundInternal             : exinfo->userclose          = 00007FF9AD09D3A0
[LOG] SystemI::createSoundInternal             : exinfo->userread           = 00007FF9AD09D4C0
[LOG] SystemI::createSoundInternal             : exinfo->userseek           = 00007FF9AD09D580
[LOG] SystemI::createSoundInternal             : exinfo->fileuserdata       = 000002434A14B578
[LOG] SystemI::createSoundInternal             : exinfo->initialseekpostype = 1
[LOG] SystemI::DSPCodecPoolRegister            : register codec pool for pool type 4
[LOG] SystemI::createSoundInternal             : Sample 0/1: name='B01 S01DS - 01-59 - Full 09', format=5, channels=1, frequency=48000, lengthbytes=2496, lengthpcm=14124, pcmblocksize=0, loopstart=0, loopend=0, mode=0x00000000, channelmask=0x00000000, channelorder=0, peakvolume=0.122496.
[LOG] SystemI::createSoundInternal             : Create name='', mode=0x02000202
[LOG] SystemI::createSoundInternal             : exinfo->cbsize             = 224
[LOG] SystemI::createSoundInternal             : exinfo->length             = 21214080
[LOG] SystemI::createSoundInternal             : exinfo->fileoffset         = 177728
[LOG] SystemI::createSoundInternal             : exinfo->numsubsounds       = 1
[LOG] SystemI::createSoundInternal             : exinfo->inclusionlist      = 000000C9C5FAF178
[LOG] SystemI::createSoundInternal             : exinfo->inclusionlistnum   = 1
[LOG] SystemI::createSoundInternal             : exinfo->suggestedsoundtype = 5
[LOG] SystemI::createSoundInternal             : exinfo->useropen           = 00007FF9AD09D3E0
[LOG] SystemI::createSoundInternal             : exinfo->userclose          = 00007FF9AD09D3A0
[LOG] SystemI::createSoundInternal             : exinfo->userread           = 00007FF9AD09D4C0
[LOG] SystemI::createSoundInternal             : exinfo->userseek           = 00007FF9AD09D580
[LOG] SystemI::createSoundInternal             : exinfo->fileuserdata       = 000002434A14B578
[LOG] SystemI::createSoundInternal             : exinfo->initialseekpostype = 1
[LOG] SystemI::DSPCodecPoolRegister            : register codec pool for pool type 4
[LOG] SystemI::createSoundInternal             : Sample 0/1: name='FootstepsForest-013', format=5, channels=2, frequency=48000, lengthbytes=2656, lengthpcm=24917, pcmblocksize=0, loopstart=0, loopend=0, mode=0x00000000, channelmask=0x00000000, channelorder=0, peakvolume=0.248913.
[LOG] SystemI::createSoundInternal             : Create name='', mode=0x02000202
[LOG] SystemI::createSoundInternal             : exinfo->cbsize             = 224
[LOG] SystemI::createSoundInternal             : exinfo->length             = 21214080
[LOG] SystemI::createSoundInternal             : exinfo->fileoffset         = 177728
[LOG] SystemI::createSoundInternal             : exinfo->numsubsounds       = 1
[LOG] SystemI::createSoundInternal             : exinfo->inclusionlist      = 000000C9C5FAF178
[LOG] SystemI::createSoundInternal             : exinfo->inclusionlistnum   = 1
[LOG] SystemI::createSoundInternal             : exinfo->suggestedsoundtype = 5
[LOG] SystemI::createSoundInternal             : exinfo->useropen           = 00007FF9AD09D3E0
[LOG] SystemI::createSoundInternal             : exinfo->userclose          = 00007FF9AD09D3A0
[LOG] SystemI::createSoundInternal             : exinfo->userread           = 00007FF9AD09D4C0
[LOG] SystemI::createSoundInternal             : exinfo->userseek           = 00007FF9AD09D580
[LOG] SystemI::createSoundInternal             : exinfo->fileuserdata       = 000002434A14B578
[LOG] SystemI::createSoundInternal             : exinfo->initialseekpostype = 1
[LOG] SystemI::DSPCodecPoolRegister            : register codec pool for pool type 4
[LOG] SystemI::createSoundInternal             : Sample 0/1: name='B01 S01DS - 01-59 - Full 01', format=5, channels=1, frequency=48000, lengthbytes=2560, lengthpcm=15276, pcmblocksize=0, loopstart=0, loopend=0, mode=0x00000000, channelmask=0x00000000, channelorder=0, peakvolume=0.125492.
[LOG] SystemI::createSoundInternal             : Create name='', mode=0x02000202
[LOG] SystemI::createSoundInternal             : exinfo->cbsize             = 224
[LOG] SystemI::createSoundInternal             : exinfo->length             = 21214080
[LOG] SystemI::createSoundInternal             : exinfo->fileoffset         = 177728
[LOG] SystemI::createSoundInternal             : exinfo->numsubsounds       = 1
[LOG] SystemI::createSoundInternal             : exinfo->inclusionlist      = 000000C9C5FAF178
[LOG] SystemI::createSoundInternal             : exinfo->inclusionlistnum   = 1
[LOG] SystemI::createSoundInternal             : exinfo->suggestedsoundtype = 5
[LOG] SystemI::createSoundInternal             : exinfo->useropen           = 00007FF9AD09D3E0
[LOG] SystemI::createSoundInternal             : exinfo->userclose          = 00007FF9AD09D3A0
[LOG] SystemI::createSoundInternal             : exinfo->userread           = 00007FF9AD09D4C0
[LOG] SystemI::createSoundInternal             : exinfo->userseek           = 00007FF9AD09D580
[LOG] SystemI::createSoundInternal             : exinfo->fileuserdata       = 000002434A14B578
[LOG] SystemI::createSoundInternal             : exinfo->initialseekpostype = 1
[LOG] SystemI::DSPCodecPoolRegister            : register codec pool for pool type 4
[LOG] SystemI::createSoundInternal             : Sample 0/1: name='FootstepsForest-007', format=5, channels=2, frequency=48000, lengthbytes=2624, lengthpcm=27182, pcmblocksize=0, loopstart=0, loopend=0, mode=0x00000000, channelmask=0x00000000, channelorder=0, peakvolume=0.233884.
[LOG] SystemI::createSoundInternal             : Create name='', mode=0x02000202
[LOG] SystemI::createSoundInternal             : exinfo->cbsize             = 224
[LOG] SystemI::createSoundInternal             : exinfo->length             = 21214080
[LOG] SystemI::createSoundInternal             : exinfo->fileoffset         = 177728
[LOG] SystemI::createSoundInternal             : exinfo->numsubsounds       = 1
[LOG] SystemI::createSoundInternal             : exinfo->inclusionlist      = 000000C9C5FAF178
[LOG] SystemI::createSoundInternal             : exinfo->inclusionlistnum   = 1
[LOG] SystemI::createSoundInternal             : exinfo->suggestedsoundtype = 5
[LOG] SystemI::createSoundInternal             : exinfo->useropen           = 00007FF9AD09D3E0
[LOG] SystemI::createSoundInternal             : exinfo->userclose          = 00007FF9AD09D3A0
[LOG] SystemI::createSoundInternal             : exinfo->userread           = 00007FF9AD09D4C0
[LOG] SystemI::createSoundInternal             : exinfo->userseek           = 00007FF9AD09D580
[LOG] SystemI::createSoundInternal             : exinfo->fileuserdata       = 000002434A14B578
[LOG] SystemI::createSoundInternal             : exinfo->initialseekpostype = 1
[LOG] SystemI::DSPCodecPoolRegister            : register codec pool for pool type 4
[LOG] SystemI::createSoundInternal             : Sample 0/1: name='FootstepsForest-011', format=5, channels=2, frequency=48000, lengthbytes=2720, lengthpcm=25767, pcmblocksize=0, loopstart=0, loopend=0, mode=0x00000000, channelmask=0x00000000, channelorder=0, peakvolume=0.251189.
[LOG] SystemI::createSoundInternal             : Create name='', mode=0x02000202
[LOG] SystemI::createSoundInternal             : exinfo->cbsize             = 224
[LOG] SystemI::createSoundInternal             : exinfo->length             = 21214080
[LOG] SystemI::createSoundInternal             : exinfo->fileoffset         = 177728
[LOG] SystemI::createSoundInternal             : exinfo->numsubsounds       = 1
[LOG] SystemI::createSoundInternal             : exinfo->inclusionlist      = 000000C9C5FAF178
[LOG] SystemI::createSoundInternal             : exinfo->inclusionlistnum   = 1
[LOG] SystemI::createSoundInternal             : exinfo->suggestedsoundtype = 5
[LOG] SystemI::createSoundInternal             : exinfo->useropen           = 00007FF9AD09D3E0
[LOG] SystemI::createSoundInternal             : exinfo->userclose          = 00007FF9AD09D3A0
[LOG] SystemI::createSoundInternal             : exinfo->userread           = 00007FF9AD09D4C0
[LOG] SystemI::createSoundInternal             : exinfo->userseek           = 00007FF9AD09D580
[LOG] SystemI::createSoundInternal             : exinfo->fileuserdata       = 000002434A14B578
[LOG] SystemI::createSoundInternal             : exinfo->initialseekpostype = 1
[LOG] SystemI::DSPCodecPoolRegister            : register codec pool for pool type 4
[LOG] SystemI::createSoundInternal             : Sample 0/1: name='B01 S01DS - 01-59 - Full 05', format=5, channels=1, frequency=48000, lengthbytes=2624, lengthpcm=14414, pcmblocksize=0, loopstart=0, loopend=0, mode=0x00000000, channelmask=0x00000000, channelorder=0, peakvolume=0.134276.
[LOG] SystemI::createSoundInternal             : Create name='', mode=0x02000202
[LOG] SystemI::createSoundInternal             : exinfo->cbsize             = 224
[LOG] SystemI::createSoundInternal             : exinfo->length             = 21214080
[LOG] SystemI::createSoundInternal             : exinfo->fileoffset         = 177728
[LOG] SystemI::createSoundInternal             : exinfo->numsubsounds       = 1
[LOG] SystemI::createSoundInternal             : exinfo->inclusionlist      = 000000C9C5FAF178
[LOG] SystemI::createSoundInternal             : exinfo->inclusionlistnum   = 1
[LOG] SystemI::createSoundInternal             : exinfo->suggestedsoundtype = 5
[LOG] SystemI::createSoundInternal             : exinfo->useropen           = 00007FF9AD09D3E0
[LOG] SystemI::createSoundInternal             : exinfo->userclose          = 00007FF9AD09D3A0
[LOG] SystemI::createSoundInternal             : exinfo->userread           = 00007FF9AD09D4C0
[LOG] SystemI::createSoundInternal             : exinfo->userseek           = 00007FF9AD09D580
[LOG] SystemI::createSoundInternal             : exinfo->fileuserdata       = 000002434A14B578
[LOG] SystemI::createSoundInternal             : exinfo->initialseekpostype = 1
[LOG] SystemI::DSPCodecPoolRegister            : register codec pool for pool type 4
[LOG] SystemI::createSoundInternal             : Sample 0/1: name='FootstepsForest-009', format=5, channels=2, frequency=48000, lengthbytes=2944, lengthpcm=26333, pcmblocksize=0, loopstart=0, loopend=0, mode=0x00000000, channelmask=0x00000000, channelorder=0, peakvolume=0.246358.
[LOG] SystemI::createSoundInternal             : Create name='', mode=0x02000202
[LOG] SystemI::createSoundInternal             : exinfo->cbsize             = 224
[LOG] SystemI::createSoundInternal             : exinfo->length             = 21214080
[LOG] SystemI::createSoundInternal             : exinfo->fileoffset         = 177728
[LOG] SystemI::createSoundInternal             : exinfo->numsubsounds       = 1
[LOG] SystemI::createSoundInternal             : exinfo->inclusionlist      = 000000C9C5FAF178
[LOG] SystemI::createSoundInternal             : exinfo->inclusionlistnum   = 1
[LOG] SystemI::createSoundInternal             : exinfo->suggestedsoundtype = 5
[LOG] SystemI::createSoundInternal             : exinfo->useropen           = 00007FF9AD09D3E0
[LOG] SystemI::createSoundInternal             : exinfo->userclose          = 00007FF9AD09D3A0
[LOG] SystemI::createSoundInternal             : exinfo->userread           = 00007FF9AD09D4C0
[LOG] SystemI::createSoundInternal             : exinfo->userseek           = 00007FF9AD09D580
[LOG] SystemI::createSoundInternal             : exinfo->fileuserdata       = 000002434A14B578
[LOG] SystemI::createSoundInternal             : exinfo->initialseekpostype = 1
[LOG] SystemI::DSPCodecPoolRegister            : register codec pool for pool type 4
[LOG] SystemI::createSoundInternal             : Sample 0/1: name='B01 S01DS - 01-59 - Full 15', format=5, channels=1, frequency=48000, lengthbytes=2400, lengthpcm=13088, pcmblocksize=0, loopstart=0, loopend=0, mode=0x00000000, channelmask=0x00000000, channelorder=0, peakvolume=0.168778.
[LOG] SystemI::createSoundInternal             : Create name='', mode=0x02000202
[LOG] SystemI::createSoundInternal             : exinfo->cbsize             = 224
[LOG] SystemI::createSoundInternal             : exinfo->length             = 21214080
[LOG] SystemI::createSoundInternal             : exinfo->fileoffset         = 177728
[LOG] SystemI::createSoundInternal             : exinfo->numsubsounds       = 1
[LOG] SystemI::createSoundInternal             : exinfo->inclusionlist      = 000000C9C5FAF178
[LOG] SystemI::createSoundInternal             : exinfo->inclusionlistnum   = 1
[LOG] SystemI::createSoundInternal             : exinfo->suggestedsoundtype = 5
[LOG] SystemI::createSoundInternal             : exinfo->useropen           = 00007FF9AD09D3E0
[LOG] SystemI::createSoundInternal             : exinfo->userclose          = 00007FF9AD09D3A0
[LOG] SystemI::createSoundInternal             : exinfo->userread           = 00007FF9AD09D4C0
[LOG] SystemI::createSoundInternal             : exinfo->userseek           = 00007FF9AD09D580
[LOG] SystemI::createSoundInternal             : exinfo->fileuserdata       = 000002434A14B578
[LOG] SystemI::createSoundInternal             : exinfo->initialseekpostype = 1
[LOG] SystemI::DSPCodecPoolRegister            : register codec pool for pool type 4
[LOG] SystemI::createSoundInternal             : Sample 0/1: name='FootstepsForest-002', format=5, channels=2, frequency=48000, lengthbytes=2688, lengthpcm=21803, pcmblocksize=0, loopstart=0, loopend=0, mode=0x00000000, channelmask=0x00000000, channelorder=0, peakvolume=0.251189.
[LOG] SystemI::createSoundInternal             : Create name='', mode=0x02000202
[LOG] SystemI::createSoundInternal             : exinfo->cbsize             = 224
[LOG] SystemI::createSoundInternal             : exinfo->length             = 21214080
[LOG] SystemI::createSoundInternal             : exinfo->fileoffset         = 177728
[LOG] SystemI::createSoundInternal             : exinfo->numsubsounds       = 1
[LOG] SystemI::createSoundInternal             : exinfo->inclusionlist      = 000000C9C5FAF178
[LOG] SystemI::createSoundInternal             : exinfo->inclusionlistnum   = 1
[LOG] SystemI::createSoundInternal             : exinfo->suggestedsoundtype = 5
[LOG] SystemI::createSoundInternal             : exinfo->useropen           = 00007FF9AD09D3E0
[LOG] SystemI::createSoundInternal             : exinfo->userclose          = 00007FF9AD09D3A0
[LOG] SystemI::createSoundInternal             : exinfo->userread           = 00007FF9AD09D4C0
[LOG] SystemI::createSoundInternal             : exinfo->userseek           = 00007FF9AD09D580
[LOG] SystemI::createSoundInternal             : exinfo->fileuserdata       = 000002434A14B578
[LOG] SystemI::createSoundInternal             : exinfo->initialseekpostype = 1
[LOG] SystemI::DSPCodecPoolRegister            : register codec pool for pool type 4
[LOG] SystemI::createSoundInternal             : Sample 0/1: name='FootstepsForest-012', format=5, channels=2, frequency=48000, lengthbytes=2496, lengthpcm=22935, pcmblocksize=0, loopstart=0, loopend=0, mode=0x00000000, channelmask=0x00000000, channelorder=0, peakvolume=0.249750.
[LOG] SystemI::createSoundInternal             : Create name='', mode=0x02000202
[LOG] SystemI::createSoundInternal             : exinfo->cbsize             = 224
[LOG] SystemI::createSoundInternal             : exinfo->length             = 21214080
[LOG] SystemI::createSoundInternal             : exinfo->fileoffset         = 177728
[LOG] SystemI::createSoundInternal             : exinfo->numsubsounds       = 1
[LOG] SystemI::createSoundInternal             : exinfo->inclusionlist      = 000000C9C5FAF178
[LOG] SystemI::createSoundInternal             : exinfo->inclusionlistnum   = 1
[LOG] SystemI::createSoundInternal             : exinfo->suggestedsoundtype = 5
[LOG] SystemI::createSoundInternal             : exinfo->useropen           = 00007FF9AD09D3E0
[LOG] SystemI::createSoundInternal             : exinfo->userclose          = 00007FF9AD09D3A0
[LOG] SystemI::createSoundInternal             : exinfo->userread           = 00007FF9AD09D4C0
[LOG] SystemI::createSoundInternal             : exinfo->userseek           = 00007FF9AD09D580
[LOG] SystemI::createSoundInternal             : exinfo->fileuserdata       = 000002434A14B578
[LOG] SystemI::createSoundInternal             : exinfo->initialseekpostype = 1
[LOG] SystemI::DSPCodecPoolRegister            : register codec pool for pool type 4
[LOG] SystemI::createSoundInternal             : Sample 0/1: name='B01 S01DS - 01-59 - Full 14', format=5, channels=1, frequency=48000, lengthbytes=2688, lengthpcm=15364, pcmblocksize=0, loopstart=0, loopend=0, mode=0x00000000, channelmask=0x00000000, channelorder=0, peakvolume=0.117989.
[LOG] SystemI::createSoundInternal             : Create name='', mode=0x02000202
[LOG] SystemI::createSoundInternal             : exinfo->cbsize             = 224
[LOG] SystemI::createSoundInternal             : exinfo->length             = 21214080
[LOG] SystemI::createSoundInternal             : exinfo->fileoffset         = 177728
[LOG] SystemI::createSoundInternal             : exinfo->numsubsounds       = 1
[LOG] SystemI::createSoundInternal             : exinfo->inclusionlist      = 000000C9C5FAF178
[LOG] SystemI::createSoundInternal             : exinfo->inclusionlistnum   = 1
[LOG] SystemI::createSoundInternal             : exinfo->suggestedsoundtype = 5
[LOG] SystemI::createSoundInternal             : exinfo->useropen           = 00007FF9AD09D3E0
[LOG] SystemI::createSoundInternal             : exinfo->userclose          = 00007FF9AD09D3A0
[LOG] SystemI::createSoundInternal             : exinfo->userread           = 00007FF9AD09D4C0
[LOG] SystemI::createSoundInternal             : exinfo->userseek           = 00007FF9AD09D580
[LOG] SystemI::createSoundInternal             : exinfo->fileuserdata       = 000002434A14B578
[LOG] SystemI::createSoundInternal             : exinfo->initialseekpostype = 1
[LOG] SystemI::DSPCodecPoolRegister            : register codec pool for pool type 4
[LOG] SystemI::createSoundInternal             : Sample 0/1: name='B01 S01DS - 01-59 - Full 02', format=5, channels=1, frequency=48000, lengthbytes=1408, lengthpcm=6594, pcmblocksize=0, loopstart=0, loopend=0, mode=0x00000000, channelmask=0x00000000, channelorder=0, peakvolume=0.066756.
[LOG] SystemI::createSoundInternal             : Create name='', mode=0x02000202
[LOG] SystemI::createSoundInternal             : exinfo->cbsize             = 224
[LOG] SystemI::createSoundInternal             : exinfo->length             = 21214080
[LOG] SystemI::createSoundInternal             : exinfo->fileoffset         = 177728
[LOG] SystemI::createSoundInternal             : exinfo->numsubsounds       = 1
[LOG] SystemI::createSoundInternal             : exinfo->inclusionlist      = 000000C9C5FAF178
[LOG] SystemI::createSoundInternal             : exinfo->inclusionlistnum   = 1
[LOG] SystemI::createSoundInternal             : exinfo->suggestedsoundtype = 5
[LOG] SystemI::createSoundInternal             : exinfo->useropen           = 00007FF9AD09D3E0
[LOG] SystemI::createSoundInternal             : exinfo->userclose          = 00007FF9AD09D3A0
[LOG] SystemI::createSoundInternal             : exinfo->userread           = 00007FF9AD09D4C0
[LOG] SystemI::createSoundInternal             : exinfo->userseek           = 00007FF9AD09D580
[LOG] SystemI::createSoundInternal             : exinfo->fileuserdata       = 000002434A14B578
[LOG] SystemI::createSoundInternal             : exinfo->initialseekpostype = 1
[LOG] SystemI::DSPCodecPoolRegister            : register codec pool for pool type 4
[LOG] SystemI::createSoundInternal             : Sample 0/1: name='FootstepsForest-004', format=5, channels=2, frequency=48000, lengthbytes=3040, lengthpcm=26333, pcmblocksize=0, loopstart=0, loopend=0, mode=0x00000000, channelmask=0x00000000, channelorder=0, peakvolume=0.233067.
[LOG] SystemI::createSoundInternal             : Create name='', mode=0x02000202
[LOG] SystemI::createSoundInternal             : exinfo->cbsize             = 224
[LOG] SystemI::createSoundInternal             : exinfo->length             = 21214080
[LOG] SystemI::createSoundInternal             : exinfo->fileoffset         = 177728
[LOG] SystemI::createSoundInternal             : exinfo->numsubsounds       = 1
[LOG] SystemI::createSoundInternal             : exinfo->inclusionlist      = 000000C9C5FAF178
[LOG] SystemI::createSoundInternal             : exinfo->inclusionlistnum   = 1
[LOG] SystemI::createSoundInternal             : exinfo->suggestedsoundtype = 5
[LOG] SystemI::createSoundInternal             : exinfo->useropen           = 00007FF9AD09D3E0
[LOG] SystemI::createSoundInternal             : exinfo->userclose          = 00007FF9AD09D3A0
[LOG] SystemI::createSoundInternal             : exinfo->userread           = 00007FF9AD09D4C0
[LOG] SystemI::createSoundInternal             : exinfo->userseek           = 00007FF9AD09D580
[LOG] SystemI::createSoundInternal             : exinfo->fileuserdata       = 000002434A14B578
[LOG] SystemI::createSoundInternal             : exinfo->initialseekpostype = 1
[LOG] SystemI::DSPCodecPoolRegister            : register codec pool for pool type 4
[LOG] SystemI::createSoundInternal             : Sample 0/1: name='B01 S01DS - 01-59 - Full 06', format=5, channels=1, frequency=48000, lengthbytes=2432, lengthpcm=14280, pcmblocksize=0, loopstart=0, loopend=0, mode=0x00000000, channelmask=0x00000000, channelorder=0, peakvolume=0.121623.
[LOG] SystemI::createSoundInternal             : Create name='', mode=0x02000202
[LOG] SystemI::createSoundInternal             : exinfo->cbsize             = 224
[LOG] SystemI::createSoundInternal             : exinfo->length             = 21214080
[LOG] SystemI::createSoundInternal             : exinfo->fileoffset         = 177728
[LOG] SystemI::createSoundInternal             : exinfo->numsubsounds       = 1
[LOG] SystemI::createSoundInternal             : exinfo->inclusionlist      = 000000C9C5FAF178
[LOG] SystemI::createSoundInternal             : exinfo->inclusionlistnum   = 1
[LOG] SystemI::createSoundInternal             : exinfo->suggestedsoundtype = 5
[LOG] SystemI::createSoundInternal             : exinfo->useropen           = 00007FF9AD09D3E0
[LOG] SystemI::createSoundInternal             : exinfo->userclose          = 00007FF9AD09D3A0
[LOG] SystemI::createSoundInternal             : exinfo->userread           = 00007FF9AD09D4C0
[LOG] SystemI::createSoundInternal             : exinfo->userseek           = 00007FF9AD09D580
[LOG] SystemI::createSoundInternal             : exinfo->fileuserdata       = 000002434A14B578
[LOG] SystemI::createSoundInternal             : exinfo->initialseekpostype = 1
[LOG] SystemI::DSPCodecPoolRegister            : register codec pool for pool type 4
[LOG] SystemI::createSoundInternal             : Sample 0/1: name='B01 S01DS - 01-59 - Full 04', format=5, channels=1, frequency=48000, lengthbytes=2560, lengthpcm=14254, pcmblocksize=0, loopstart=0, loopend=0, mode=0x00000000, channelmask=0x00000000, channelorder=0, peakvolume=0.092464.
[LOG] SystemI::createSoundInternal             : Create name='', mode=0x02000202
[LOG] SystemI::createSoundInternal             : exinfo->cbsize             = 224
[LOG] SystemI::createSoundInternal             : exinfo->length             = 21214080
[LOG] SystemI::createSoundInternal             : exinfo->fileoffset         = 177728
[LOG] SystemI::createSoundInternal             : exinfo->numsubsounds       = 1
[LOG] SystemI::createSoundInternal             : exinfo->inclusionlist      = 000000C9C5FAF178
[LOG] SystemI::createSoundInternal             : exinfo->inclusionlistnum   = 1
[LOG] SystemI::createSoundInternal             : exinfo->suggestedsoundtype = 5
[LOG] SystemI::createSoundInternal             : exinfo->useropen           = 00007FF9AD09D3E0
[LOG] SystemI::createSoundInternal             : exinfo->userclose          = 00007FF9AD09D3A0
[LOG] SystemI::createSoundInternal             : exinfo->userread           = 00007FF9AD09D4C0
[LOG] SystemI::createSoundInternal             : exinfo->userseek           = 00007FF9AD09D580
[LOG] SystemI::createSoundInternal             : exinfo->fileuserdata       = 000002434A14B578
[LOG] SystemI::createSoundInternal             : exinfo->initialseekpostype = 1
[LOG] SystemI::DSPCodecPoolRegister            : register codec pool for pool type 4
[LOG] SystemI::createSoundInternal             : Sample 0/1: name='FootstepsForest-008', format=5, channels=2, frequency=48000, lengthbytes=2560, lengthpcm=24634, pcmblocksize=0, loopstart=0, loopend=0, mode=0x00000000, channelmask=0x00000000, channelorder=0, peakvolume=0.251189.
[LOG] SystemI::createSoundInternal             : Create name='', mode=0x02000202
[LOG] SystemI::createSoundInternal             : exinfo->cbsize             = 224
[LOG] SystemI::createSoundInternal             : exinfo->length             = 21214080
[LOG] SystemI::createSoundInternal             : exinfo->fileoffset         = 177728
[LOG] SystemI::createSoundInternal             : exinfo->numsubsounds       = 1
[LOG] SystemI::createSoundInternal             : exinfo->inclusionlist      = 000000C9C5FAF178
[LOG] SystemI::createSoundInternal             : exinfo->inclusionlistnum   = 1
[LOG] SystemI::createSoundInternal             : exinfo->suggestedsoundtype = 5
[LOG] SystemI::createSoundInternal             : exinfo->useropen           = 00007FF9AD09D3E0
[LOG] SystemI::createSoundInternal             : exinfo->userclose          = 00007FF9AD09D3A0
[LOG] SystemI::createSoundInternal             : exinfo->userread           = 00007FF9AD09D4C0
[LOG] SystemI::createSoundInternal             : exinfo->userseek           = 00007FF9AD09D580
[LOG] SystemI::createSoundInternal             : exinfo->fileuserdata       = 000002434A14B578
[LOG] SystemI::createSoundInternal             : exinfo->initialseekpostype = 1
[LOG] SystemI::DSPCodecPoolRegister            : register codec pool for pool type 4
[LOG] SystemI::createSoundInternal             : Sample 0/1: name='B01 S01DS - 01-59 - Full 10', format=5, channels=1, frequency=48000, lengthbytes=1856, lengthpcm=9600, pcmblocksize=0, loopstart=0, loopend=0, mode=0x00000000, channelmask=0x00000000, channelorder=0, peakvolume=0.133347.
[LOG] SystemI::createSoundInternal             : Create name='', mode=0x02000202
[LOG] SystemI::createSoundInternal             : exinfo->cbsize             = 224
[LOG] SystemI::createSoundInternal             : exinfo->length             = 21214080
[LOG] SystemI::createSoundInternal             : exinfo->fileoffset         = 177728
[LOG] SystemI::createSoundInternal             : exinfo->numsubsounds       = 1
[LOG] SystemI::createSoundInternal             : exinfo->inclusionlist      = 000000C9C5FAF178
[LOG] SystemI::createSoundInternal             : exinfo->inclusionlistnum   = 1
[LOG] SystemI::createSoundInternal             : exinfo->suggestedsoundtype = 5
[LOG] SystemI::createSoundInternal             : exinfo->useropen           = 00007FF9AD09D3E0
[LOG] SystemI::createSoundInternal             : exinfo->userclose          = 00007FF9AD09D3A0
[LOG] SystemI::createSoundInternal             : exinfo->userread           = 00007FF9AD09D4C0
[LOG] SystemI::createSoundInternal             : exinfo->userseek           = 00007FF9AD09D580
[LOG] SystemI::createSoundInternal             : exinfo->fileuserdata       = 000002434A14B578
[LOG] SystemI::createSoundInternal             : exinfo->initialseekpostype = 1
[LOG] SystemI::DSPCodecPoolRegister            : register codec pool for pool type 4
[LOG] SystemI::createSoundInternal             : Sample 0/1: name='FootstepsForest-003', format=5, channels=2, frequency=48000, lengthbytes=2656, lengthpcm=22369, pcmblocksize=0, loopstart=0, loopend=0, mode=0x00000000, channelmask=0x00000000, channelorder=0, peakvolume=0.251189.
[LOG] SystemI::createSoundInternal             : Create name='', mode=0x02000202
[LOG] SystemI::createSoundInternal             : exinfo->cbsize             = 224
[LOG] SystemI::createSoundInternal             : exinfo->length             = 21214080
[LOG] SystemI::createSoundInternal             : exinfo->fileoffset         = 177728
[LOG] SystemI::createSoundInternal             : exinfo->numsubsounds       = 1
[LOG] SystemI::createSoundInternal             : exinfo->inclusionlist      = 000000C9C5FAF178
[LOG] SystemI::createSoundInternal             : exinfo->inclusionlistnum   = 1
[LOG] SystemI::createSoundInternal             : exinfo->suggestedsoundtype = 5
[LOG] SystemI::createSoundInternal             : exinfo->useropen           = 00007FF9AD09D3E0
[LOG] SystemI::createSoundInternal             : exinfo->userclose          = 00007FF9AD09D3A0
[LOG] SystemI::createSoundInternal             : exinfo->userread           = 00007FF9AD09D4C0
[LOG] SystemI::createSoundInternal             : exinfo->userseek           = 00007FF9AD09D580
[LOG] SystemI::createSoundInternal             : exinfo->fileuserdata       = 000002434A14B578
[LOG] SystemI::createSoundInternal             : exinfo->initialseekpostype = 1
[LOG] SystemI::DSPCodecPoolRegister            : register codec pool for pool type 4
[LOG] SystemI::createSoundInternal             : Sample 0/1: name='FootstepsForest-010', format=5, channels=2, frequency=48000, lengthbytes=2784, lengthpcm=23501, pcmblocksize=0, loopstart=0, loopend=0, mode=0x00000000, channelmask=0x00000000, channelorder=0, peakvolume=0.250969.
[LOG] SystemI::createSoundInternal             : Create name='', mode=0x02000202
[LOG] SystemI::createSoundInternal             : exinfo->cbsize             = 224
[LOG] SystemI::createSoundInternal             : exinfo->length             = 21214080
[LOG] SystemI::createSoundInternal             : exinfo->fileoffset         = 177728
[LOG] SystemI::createSoundInternal             : exinfo->numsubsounds       = 1
[LOG] SystemI::createSoundInternal             : exinfo->inclusionlist      = 000000C9C5FAF178
[LOG] SystemI::createSoundInternal             : exinfo->inclusionlistnum   = 1
[LOG] SystemI::createSoundInternal             : exinfo->suggestedsoundtype = 5
[LOG] SystemI::createSoundInternal             : exinfo->useropen           = 00007FF9AD09D3E0
[LOG] SystemI::createSoundInternal             : exinfo->userclose          = 00007FF9AD09D3A0
[LOG] SystemI::createSoundInternal             : exinfo->userread           = 00007FF9AD09D4C0
[LOG] SystemI::createSoundInternal             : exinfo->userseek           = 00007FF9AD09D580
[LOG] SystemI::createSoundInternal             : exinfo->fileuserdata       = 000002434A14B578
[LOG] SystemI::createSoundInternal             : exinfo->initialseekpostype = 1
[LOG] SystemI::DSPCodecPoolRegister            : register codec pool for pool type 4
[LOG] SystemI::createSoundInternal             : Sample 0/1: name='B01 S01DS - 01-59 - Full 12', format=5, channels=1, frequency=48000, lengthbytes=2400, lengthpcm=12656, pcmblocksize=0, loopstart=0, loopend=0, mode=0x00000000, channelmask=0x00000000, channelorder=0, peakvolume=0.161277.
[LOG] SystemI::createSoundInternal             : Create name='', mode=0x02000202
[LOG] SystemI::createSoundInternal             : exinfo->cbsize             = 224
[LOG] SystemI::createSoundInternal             : exinfo->length             = 21214080
[LOG] SystemI::createSoundInternal             : exinfo->fileoffset         = 177728
[LOG] SystemI::createSoundInternal             : exinfo->numsubsounds       = 1
[LOG] SystemI::createSoundInternal             : exinfo->inclusionlist      = 000000C9C5FAF178
[LOG] SystemI::createSoundInternal             : exinfo->inclusionlistnum   = 1
[LOG] SystemI::createSoundInternal             : exinfo->suggestedsoundtype = 5
[LOG] SystemI::createSoundInternal             : exinfo->useropen           = 00007FF9AD09D3E0
[LOG] SystemI::createSoundInternal             : exinfo->userclose          = 00007FF9AD09D3A0
[LOG] SystemI::createSoundInternal             : exinfo->userread           = 00007FF9AD09D4C0
[LOG] SystemI::createSoundInternal             : exinfo->userseek           = 00007FF9AD09D580
[LOG] SystemI::createSoundInternal             : exinfo->fileuserdata       = 000002434A14B578
[LOG] SystemI::createSoundInternal             : exinfo->initialseekpostype = 1
[LOG] SystemI::DSPCodecPoolRegister            : register codec pool for pool type 4
[LOG] SystemI::createSoundInternal             : Sample 0/1: name='FootstepsForest-005', format=5, channels=2, frequency=48000, lengthbytes=3232, lengthpcm=25767, pcmblocksize=0, loopstart=0, loopend=0, mode=0x00000000, channelmask=0x00000000, channelorder=0, peakvolume=0.179332.
[LOG] SystemI::createSoundInternal             : Create name='', mode=0x02000202
[LOG] SystemI::createSoundInternal             : exinfo->cbsize             = 224
[LOG] SystemI::createSoundInternal             : exinfo->length             = 21214080
[LOG] SystemI::createSoundInternal             : exinfo->fileoffset         = 177728
[LOG] SystemI::createSoundInternal             : exinfo->numsubsounds       = 1
[LOG] SystemI::createSoundInternal             : exinfo->inclusionlist      = 000000C9C5FAF178
[LOG] SystemI::createSoundInternal             : exinfo->inclusionlistnum   = 1
[LOG] SystemI::createSoundInternal             : exinfo->suggestedsoundtype = 5
[LOG] SystemI::createSoundInternal             : exinfo->useropen           = 00007FF9AD09D3E0
[LOG] SystemI::createSoundInternal             : exinfo->userclose          = 00007FF9AD09D3A0
[LOG] SystemI::createSoundInternal             : exinfo->userread           = 00007FF9AD09D4C0
[LOG] SystemI::createSoundInternal             : exinfo->userseek           = 00007FF9AD09D580
[LOG] SystemI::createSoundInternal             : exinfo->fileuserdata       = 000002434A14B578
[LOG] SystemI::createSoundInternal             : exinfo->initialseekpostype = 1
[LOG] SystemI::DSPCodecPoolRegister            : register codec pool for pool type 4
[LOG] SystemI::createSoundInternal             : Sample 0/1: name='B01 S01DS - 01-59 - Full 08', format=5, channels=1, frequency=48000, lengthbytes=2432, lengthpcm=14052, pcmblocksize=0, loopstart=0, loopend=0, mode=0x00000000, channelmask=0x00000000, channelorder=0, peakvolume=0.249727.
[LOG] SystemI::createSoundInternal             : Create name='', mode=0x02000202
[LOG] SystemI::createSoundInternal             : exinfo->cbsize             = 224
[LOG] SystemI::createSoundInternal             : exinfo->length             = 21214080
[LOG] SystemI::createSoundInternal             : exinfo->fileoffset         = 177728
[LOG] SystemI::createSoundInternal             : exinfo->numsubsounds       = 1
[LOG] SystemI::createSoundInternal             : exinfo->inclusionlist      = 000000C9C5FAF178
[LOG] SystemI::createSoundInternal             : exinfo->inclusionlistnum   = 1
[LOG] SystemI::createSoundInternal             : exinfo->suggestedsoundtype = 5
[LOG] SystemI::createSoundInternal             : exinfo->useropen           = 00007FF9AD09D3E0
[LOG] SystemI::createSoundInternal             : exinfo->userclose          = 00007FF9AD09D3A0
[LOG] SystemI::createSoundInternal             : exinfo->userread           = 00007FF9AD09D4C0
[LOG] SystemI::createSoundInternal             : exinfo->userseek           = 00007FF9AD09D580
[LOG] SystemI::createSoundInternal             : exinfo->fileuserdata       = 000002434A14B578
[LOG] SystemI::createSoundInternal             : exinfo->initialseekpostype = 1
[LOG] SystemI::DSPCodecPoolRegister            : register codec pool for pool type 4
[LOG] SystemI::createSoundInternal             : Sample 0/1: name='B01 S01DS - 01-59 - Full 13', format=5, channels=1, frequency=48000, lengthbytes=2336, lengthpcm=12160, pcmblocksize=0, loopstart=0, loopend=0, mode=0x00000000, channelmask=0x00000000, channelorder=0, peakvolume=0.094485.
[LOG] SystemI::createSoundInternal             : Create name='', mode=0x02000202
[LOG] SystemI::createSoundInternal             : exinfo->cbsize             = 224
[LOG] SystemI::createSoundInternal             : exinfo->length             = 21214080
[LOG] SystemI::createSoundInternal             : exinfo->fileoffset         = 177728
[LOG] SystemI::createSoundInternal             : exinfo->numsubsounds       = 1
[LOG] SystemI::createSoundInternal             : exinfo->inclusionlist      = 000000C9C5FAF178
[LOG] SystemI::createSoundInternal             : exinfo->inclusionlistnum   = 1
[LOG] SystemI::createSoundInternal             : exinfo->suggestedsoundtype = 5
[LOG] SystemI::createSoundInternal             : exinfo->useropen           = 00007FF9AD09D3E0
[LOG] SystemI::createSoundInternal             : exinfo->userclose          = 00007FF9AD09D3A0
[LOG] SystemI::createSoundInternal             : exinfo->userread           = 00007FF9AD09D4C0
[LOG] SystemI::createSoundInternal             : exinfo->userseek           = 00007FF9AD09D580
[LOG] SystemI::createSoundInternal             : exinfo->fileuserdata       = 000002434A14B578
[LOG] SystemI::createSoundInternal             : exinfo->initialseekpostype = 1
[LOG] SystemI::DSPCodecPoolRegister            : register codec pool for pool type 4
[LOG] SystemI::createSoundInternal             : Sample 0/1: name='B01 S01DS - 01-59 - Full 03', format=5, channels=1, frequency=48000, lengthbytes=2400, lengthpcm=13260, pcmblocksize=0, loopstart=0, loopend=0, mode=0x00000000, channelmask=0x00000000, channelorder=0, peakvolume=0.089417.
[LOG] SoundI::release                          : QP04 0444 River gentle very distant (0000023FAF7116C8)
[LOG] SoundI::release                          :     QP04 0444 River gentle very distant (0000024318D40678)
[LOG] SoundI::release                          :     QP04 0444 River gentle very distant (0000024349F6AFC8)
[LOG] SoundI::release                          :  (0000024158F31CC8)
[LOG] SoundI::release                          :     ToolImpactStaff-001 (0000024318D407F8)
[LOG] SoundI::release                          :  (0000024158F2F388)
[LOG] SoundI::release                          :     ToolImpactStaff-002 (0000023FB4BC0448)
[LOG] SoundI::release                          :  (0000024158F30988)
[LOG] SoundI::release                          :     ToolImpactStaff-003 (0000023FB4BC26C8)
[LOG] SoundI::release                          :  (0000024158F2FE88)
[LOG] SoundI::release                          :     ToolImpactStaff-005 (0000023FB4BC2248)
[LOG] SoundI::release                          :  (0000024158F306C8)
[LOG] SoundI::release                          :     ToolImpactStaff-006 (0000024318D404F8)
[LOG] SoundI::release                          :  (0000024158F30148)
[LOG] SoundI::release                          :     ToolImpactStaff-007 (0000024318D41878)
[LOG] SoundI::release                          :  (0000024158F30AE8)
[LOG] SoundI::release                          :     ToolImpactStaff-008 (0000024318D401F8)
[LOG] SoundI::release                          :  (0000024158F33008)
[LOG] SoundI::release                          :     ToolImpactStaff-009 (0000024318D41B78)
[LOG] SoundI::release                          :  (0000024158F318A8)
[LOG] SoundI::release                          :     ToolImpactStaff-010 (0000024318D419F8)
[LOG] SoundI::release                          :  (0000023FB0AFDBA8)
[LOG] SoundI::release                          :     FootstepsForest-001 (0000024218F04678)
[LOG] SoundI::release                          :  (0000024304D71758)
[LOG] SoundI::release                          :     FootstepsForest-002 (0000024218F050F8)
[LOG] SoundI::release                          :  (0000024160B260A8)
[LOG] SoundI::release                          :     FootstepsForest-003 (0000024321000B48)
[LOG] SoundI::release                          :  (000002415C32F8D8)
[LOG] SoundI::release                          :     FootstepsForest-004 (0000024321006548)
[LOG] SoundI::release                          :  (0000024160B268E8)
[LOG] SoundI::release                          :     FootstepsForest-005 (0000024321001BC8)
[LOG] SoundI::release                          :  (0000023FB0AFD4C8)
[LOG] SoundI::release                          :     FootstepsForest-006 (0000024218F04F78)
[LOG] SoundI::release                          :  (0000023FB0AFD0A8)
[LOG] SoundI::release                          :     FootstepsForest-007 (0000024218F04078)
[LOG] SoundI::release                          :  (000002415C32FCF8)
[LOG] SoundI::release                          :     FootstepsForest-008 (0000024321005C48)
[LOG] SoundI::release                          :  (0000024304D71078)
[LOG] SoundI::release                          :     FootstepsForest-009 (0000024218F04AF8)
[LOG] SystemI::createSoundInternal             : Create name='', mode=0x02000202
[LOG] SystemI::createSoundInternal             : exinfo->cbsize             = 224
[LOG] SystemI::createSoundInternal             : exinfo->length             = 21214080
[LOG] SystemI::createSoundInternal             : exinfo->fileoffset         = 177728
[LOG] SystemI::createSoundInternal             : exinfo->numsubsounds       = 1
[LOG] SystemI::createSoundInternal             : exinfo->inclusionlist      = 000000C9C5FAF178
[LOG] SystemI::createSoundInternal             : exinfo->inclusionlistnum   = 1
[LOG] SystemI::createSoundInternal             : exinfo->suggestedsoundtype = 5
[LOG] SystemI::createSoundInternal             : exinfo->useropen           = 00007FF9AD09D3E0
[LOG] SystemI::createSoundInternal             : exinfo->userclose          = 00007FF9AD09D3A0
[LOG] SystemI::createSoundInternal             : exinfo->userread           = 00007FF9AD09D4C0
[LOG] SystemI::createSoundInternal             : exinfo->userseek           = 00007FF9AD09D580
[LOG] SystemI::createSoundInternal             : exinfo->fileuserdata       = 000002415C382378
[LOG] SystemI::createSoundInternal             : exinfo->initialseekpostype = 1
[LOG] SystemI::DSPCodecPoolRegister            : register codec pool for pool type 4
[LOG] SystemI::createSoundInternal             : Sample 0/1: name='FootstepsForest-006', format=5, channels=2, frequency=48000, lengthbytes=3232, lengthpcm=24351, pcmblocksize=0, loopstart=0, loopend=0, mode=0x00000000, channelmask=0x00000000, channelorder=0, peakvolume=0.224381.
[LOG] SystemI::createSoundInternal             : Create name='', mode=0x02000202
[LOG] SystemI::createSoundInternal             : exinfo->cbsize             = 224
[LOG] SystemI::createSoundInternal             : exinfo->length             = 21214080
[LOG] SystemI::createSoundInternal             : exinfo->fileoffset         = 177728
[LOG] SystemI::createSoundInternal             : exinfo->numsubsounds       = 1
[LOG] SystemI::createSoundInternal             : exinfo->inclusionlist      = 000000C9C5FAF178
[LOG] SystemI::createSoundInternal             : exinfo->inclusionlistnum   = 1
[LOG] SystemI::createSoundInternal             : exinfo->suggestedsoundtype = 5
[LOG] SystemI::createSoundInternal             : exinfo->useropen           = 00007FF9AD09D3E0
[LOG] SystemI::createSoundInternal             : exinfo->userclose          = 00007FF9AD09D3A0
[LOG] SystemI::createSoundInternal             : exinfo->userread           = 00007FF9AD09D4C0
[LOG] SystemI::createSoundInternal             : exinfo->userseek           = 00007FF9AD09D580
[LOG] SystemI::createSoundInternal             : exinfo->fileuserdata       = 000002415C382378
[LOG] SystemI::createSoundInternal             : exinfo->initialseekpostype = 1
[LOG] SystemI::DSPCodecPoolRegister            : register codec pool for pool type 4
[LOG] SystemI::createSoundInternal             : Sample 0/1: name='FootstepsForest-001', format=5, channels=2, frequency=48000, lengthbytes=3168, lengthpcm=21643, pcmblocksize=0, loopstart=0, loopend=0, mode=0x00000000, channelmask=0x00000000, channelorder=0, peakvolume=0.248337.
[LOG] SystemI::createSoundInternal             : Create name='', mode=0x02000202
[LOG] SystemI::createSoundInternal             : exinfo->cbsize             = 224
[LOG] SystemI::createSoundInternal             : exinfo->length             = 21214080
[LOG] SystemI::createSoundInternal             : exinfo->fileoffset         = 177728
[LOG] SystemI::createSoundInternal             : exinfo->numsubsounds       = 1
[LOG] SystemI::createSoundInternal             : exinfo->inclusionlist      = 000000C9C5FAF178
[LOG] SystemI::createSoundInternal             : exinfo->inclusionlistnum   = 1
[LOG] SystemI::createSoundInternal             : exinfo->suggestedsoundtype = 5
[LOG] SystemI::createSoundInternal             : exinfo->useropen           = 00007FF9AD09D3E0
[LOG] SystemI::createSoundInternal             : exinfo->userclose          = 00007FF9AD09D3A0
[LOG] SystemI::createSoundInternal             : exinfo->userread           = 00007FF9AD09D4C0
[LOG] SystemI::createSoundInternal             : exinfo->userseek           = 00007FF9AD09D580
[LOG] SystemI::createSoundInternal             : exinfo->fileuserdata       = 000002415C382378
[LOG] SystemI::createSoundInternal             : exinfo->initialseekpostype = 1
[LOG] SystemI::DSPCodecPoolRegister            : register codec pool for pool type 4
[LOG] SystemI::createSoundInternal             : Sample 0/1: name='FootstepsForest-007', format=5, channels=2, frequency=48000, lengthbytes=2624, lengthpcm=27182, pcmblocksize=0, loopstart=0, loopend=0, mode=0x00000000, channelmask=0x00000000, channelorder=0, peakvolume=0.233884.
[LOG] SystemI::createSoundInternal             : Create name='', mode=0x02000202
[LOG] SystemI::createSoundInternal             : exinfo->cbsize             = 224
[LOG] SystemI::createSoundInternal             : exinfo->length             = 21214080
[LOG] SystemI::createSoundInternal             : exinfo->fileoffset         = 177728
[LOG] SystemI::createSoundInternal             : exinfo->numsubsounds       = 1
[LOG] SystemI::createSoundInternal             : exinfo->inclusionlist      = 000000C9C5FAF178
[LOG] SystemI::createSoundInternal             : exinfo->inclusionlistnum   = 1
[LOG] SystemI::createSoundInternal             : exinfo->suggestedsoundtype = 5
[LOG] SystemI::createSoundInternal             : exinfo->useropen           = 00007FF9AD09D3E0
[LOG] SystemI::createSoundInternal             : exinfo->userclose          = 00007FF9AD09D3A0
[LOG] SystemI::createSoundInternal             : exinfo->userread           = 00007FF9AD09D4C0
[LOG] SystemI::createSoundInternal             : exinfo->userseek           = 00007FF9AD09D580
[LOG] SystemI::createSoundInternal             : exinfo->fileuserdata       = 000002415C382378
[LOG] SystemI::createSoundInternal             : exinfo->initialseekpostype = 1
[LOG] SystemI::DSPCodecPoolRegister            : register codec pool for pool type 4
[LOG] SystemI::createSoundInternal             : Sample 0/1: name='FootstepsForest-009', format=5, channels=2, frequency=48000, lengthbytes=2944, lengthpcm=26333, pcmblocksize=0, loopstart=0, loopend=0, mode=0x00000000, channelmask=0x00000000, channelorder=0, peakvolume=0.246358.
[LOG] SystemI::createSoundInternal             : Create name='', mode=0x02000202
[LOG] SystemI::createSoundInternal             : exinfo->cbsize             = 224
[LOG] SystemI::createSoundInternal             : exinfo->length             = 21214080
[LOG] SystemI::createSoundInternal             : exinfo->fileoffset         = 177728
[LOG] SystemI::createSoundInternal             : exinfo->numsubsounds       = 1
[LOG] SystemI::createSoundInternal             : exinfo->inclusionlist      = 000000C9C5FAF178
[LOG] SystemI::createSoundInternal             : exinfo->inclusionlistnum   = 1
[LOG] SystemI::createSoundInternal             : exinfo->suggestedsoundtype = 5
[LOG] SystemI::createSoundInternal             : exinfo->useropen           = 00007FF9AD09D3E0
[LOG] SystemI::createSoundInternal             : exinfo->userclose          = 00007FF9AD09D3A0
[LOG] SystemI::createSoundInternal             : exinfo->userread           = 00007FF9AD09D4C0
[LOG] SystemI::createSoundInternal             : exinfo->userseek           = 00007FF9AD09D580
[LOG] SystemI::createSoundInternal             : exinfo->fileuserdata       = 000002415C382378
[LOG] SystemI::createSoundInternal             : exinfo->initialseekpostype = 1
[LOG] SystemI::DSPCodecPoolRegister            : register codec pool for pool type 4
[LOG] SystemI::createSoundInternal             : Sample 0/1: name='FootstepsForest-002', format=5, channels=2, frequency=48000, lengthbytes=2688, lengthpcm=21803, pcmblocksize=0, loopstart=0, loopend=0, mode=0x00000000, channelmask=0x00000000, channelorder=0, peakvolume=0.251189.
[LOG] SystemI::createSoundInternal             : Create name='', mode=0x02000202
[LOG] SystemI::createSoundInternal             : exinfo->cbsize             = 224
[LOG] SystemI::createSoundInternal             : exinfo->length             = 21214080
[LOG] SystemI::createSoundInternal             : exinfo->fileoffset         = 177728
[LOG] SystemI::createSoundInternal             : exinfo->numsubsounds       = 1
[LOG] SystemI::createSoundInternal             : exinfo->inclusionlist      = 000000C9C5FAF178
[LOG] SystemI::createSoundInternal             : exinfo->inclusionlistnum   = 1
[LOG] SystemI::createSoundInternal             : exinfo->suggestedsoundtype = 5
[LOG] SystemI::createSoundInternal             : exinfo->useropen           = 00007FF9AD09D3E0
[LOG] SystemI::createSoundInternal             : exinfo->userclose          = 00007FF9AD09D3A0
[LOG] SystemI::createSoundInternal             : exinfo->userread           = 00007FF9AD09D4C0
[LOG] SystemI::createSoundInternal             : exinfo->userseek           = 00007FF9AD09D580
[LOG] SystemI::createSoundInternal             : exinfo->fileuserdata       = 000002415C382378
[LOG] SystemI::createSoundInternal             : exinfo->initialseekpostype = 1
[LOG] SystemI::DSPCodecPoolRegister            : register codec pool for pool type 4
[LOG] SystemI::createSoundInternal             : Sample 0/1: name='FootstepsForest-004', format=5, channels=2, frequency=48000, lengthbytes=3040, lengthpcm=26333, pcmblocksize=0, loopstart=0, loopend=0, mode=0x00000000, channelmask=0x00000000, channelorder=0, peakvolume=0.233067.
[LOG] SystemI::createSoundInternal             : Create name='', mode=0x02000202
[LOG] SystemI::createSoundInternal             : exinfo->cbsize             = 224
[LOG] SystemI::createSoundInternal             : exinfo->length             = 21214080
[LOG] SystemI::createSoundInternal             : exinfo->fileoffset         = 177728
[LOG] SystemI::createSoundInternal             : exinfo->numsubsounds       = 1
[LOG] SystemI::createSoundInternal             : exinfo->inclusionlist      = 000000C9C5FAF178
[LOG] SystemI::createSoundInternal             : exinfo->inclusionlistnum   = 1
[LOG] SystemI::createSoundInternal             : exinfo->suggestedsoundtype = 5
[LOG] SystemI::createSoundInternal             : exinfo->useropen           = 00007FF9AD09D3E0
[LOG] SystemI::createSoundInternal             : exinfo->userclose          = 00007FF9AD09D3A0
[LOG] SystemI::createSoundInternal             : exinfo->userread           = 00007FF9AD09D4C0
[LOG] SystemI::createSoundInternal             : exinfo->userseek           = 00007FF9AD09D580
[LOG] SystemI::createSoundInternal             : exinfo->fileuserdata       = 000002415C382378
[LOG] SystemI::createSoundInternal             : exinfo->initialseekpostype = 1
[LOG] SystemI::DSPCodecPoolRegister            : register codec pool for pool type 4
[LOG] SystemI::createSoundInternal             : Sample 0/1: name='FootstepsForest-008', format=5, channels=2, frequency=48000, lengthbytes=2560, lengthpcm=24634, pcmblocksize=0, loopstart=0, loopend=0, mode=0x00000000, channelmask=0x00000000, channelorder=0, peakvolume=0.251189.
[LOG] SystemI::createSoundInternal             : Create name='', mode=0x02000202
[LOG] SystemI::createSoundInternal             : exinfo->cbsize             = 224
[LOG] SystemI::createSoundInternal             : exinfo->length             = 21214080
[LOG] SystemI::createSoundInternal             : exinfo->fileoffset         = 177728
[LOG] SystemI::createSoundInternal             : exinfo->numsubsounds       = 1
[LOG] SystemI::createSoundInternal             : exinfo->inclusionlist      = 000000C9C5FAF178
[LOG] SystemI::createSoundInternal             : exinfo->inclusionlistnum   = 1
[LOG] SystemI::createSoundInternal             : exinfo->suggestedsoundtype = 5
[LOG] SystemI::createSoundInternal             : exinfo->useropen           = 00007FF9AD09D3E0
[LOG] SystemI::createSoundInternal             : exinfo->userclose          = 00007FF9AD09D3A0
[LOG] SystemI::createSoundInternal             : exinfo->userread           = 00007FF9AD09D4C0
[LOG] SystemI::createSoundInternal             : exinfo->userseek           = 00007FF9AD09D580
[LOG] SystemI::createSoundInternal             : exinfo->fileuserdata       = 000002415C382378
[LOG] SystemI::createSoundInternal             : exinfo->initialseekpostype = 1
[LOG] SystemI::DSPCodecPoolRegister            : register codec pool for pool type 4
[LOG] SystemI::createSoundInternal             : Sample 0/1: name='FootstepsForest-003', format=5, channels=2, frequency=48000, lengthbytes=2656, lengthpcm=22369, pcmblocksize=0, loopstart=0, loopend=0, mode=0x00000000, channelmask=0x00000000, channelorder=0, peakvolume=0.251189.
[LOG] SystemI::createSoundInternal             : Create name='', mode=0x02000202
[LOG] SystemI::createSoundInternal             : exinfo->cbsize             = 224
[LOG] SystemI::createSoundInternal             : exinfo->length             = 21214080
[LOG] SystemI::createSoundInternal             : exinfo->fileoffset         = 177728
[LOG] SystemI::createSoundInternal             : exinfo->numsubsounds       = 1
[LOG] SystemI::createSoundInternal             : exinfo->inclusionlist      = 000000C9C5FAF178
[LOG] SystemI::createSoundInternal             : exinfo->inclusionlistnum   = 1
[LOG] SystemI::createSoundInternal             : exinfo->suggestedsoundtype = 5
[LOG] SystemI::createSoundInternal             : exinfo->useropen           = 00007FF9AD09D3E0
[LOG] SystemI::createSoundInternal             : exinfo->userclose          = 00007FF9AD09D3A0
[LOG] SystemI::createSoundInternal             : exinfo->userread           = 00007FF9AD09D4C0
[LOG] SystemI::createSoundInternal             : exinfo->userseek           = 00007FF9AD09D580
[LOG] SystemI::createSoundInternal             : exinfo->fileuserdata       = 000002415C382378
[LOG] SystemI::createSoundInternal             : exinfo->initialseekpostype = 1
[LOG] SystemI::DSPCodecPoolRegister            : register codec pool for pool type 4
[LOG] SystemI::createSoundInternal             : Sample 0/1: name='FootstepsForest-005', format=5, channels=2, frequency=48000, lengthbytes=3232, lengthpcm=25767, pcmblocksize=0, loopstart=0, loopend=0, mode=0x00000000, channelmask=0x00000000, channelorder=0, peakvolume=0.179332.
[LOG] SystemI::createSound                     : filename = Assets/_Core/Sounds/MoonlitMixes_AudioSystem/Build/Desktop/SFX.bank : mode 02010082
[LOG] SystemI::createSound                     : FMOD_NONBLOCKING specified.  Putting into queue to be opened asynchronously!
[LOG] AsyncThread::add                         : add sound to async queue : soundi = 00000243B5F93B48, queue head = 000002434A47D558, queue count = 0
[LOG] SystemI::createSound                     : filename = Assets/_Core/Sounds/MoonlitMixes_AudioSystem/Build/Desktop/SFX.bank : mode 02010082
[LOG] SystemI::createSound                     : FMOD_NONBLOCKING specified.  Putting into queue to be opened asynchronously!
[LOG] AsyncThread::add                         : add sound to async queue : soundi = 00000243B5F93CD8, queue head = 000002434A47D558, queue count = 0
[LOG] AsyncThread::threadFunc                  : Starting Asynchronous operation on sound 00000243B5F93B48
[LOG] SystemI::createSoundInternal             :     Create name='Assets/_Core/Sounds/MoonlitMixes_AudioSystem/Build/Desktop/SFX.bank', mode=0x02010082
[LOG] SystemI::createSoundInternal             :     Create name='', mode=0x02000202
[LOG] SystemI::createSoundInternal             :     exinfo->cbsize             = 224
[LOG] SystemI::createSoundInternal             :     exinfo->cbsize             = 224
[LOG] SystemI::createSoundInternal             :     exinfo->length             = 21214080
[LOG] SystemI::createSoundInternal             :     exinfo->length             = 21214080
[LOG] SystemI::createSoundInternal             :     exinfo->fileoffset         = 177728
[LOG] SystemI::createSoundInternal             :     exinfo->fileoffset         = 177728
[LOG] SystemI::createSoundInternal             :     exinfo->numsubsounds       = 1
[LOG] SystemI::createSoundInternal             :     exinfo->numsubsounds       = 1
[LOG] SystemI::createSoundInternal             :     exinfo->inclusionlist      = 00000243FA61E938
[LOG] SystemI::createSoundInternal             :     exinfo->inclusionlist      = 000000C9C5FAF178
[LOG] SystemI::createSoundInternal             :     exinfo->inclusionlistnum   = 1
[LOG] SystemI::createSoundInternal             :     exinfo->inclusionlistnum   = 1
[LOG] SystemI::createSoundInternal             :     exinfo->suggestedsoundtype = 5
[LOG] SystemI::createSoundInternal             :     exinfo->suggestedsoundtype = 5
[LOG] SystemI::createSoundInternal             :     exinfo->initialseekpostype = 1
[LOG] SystemI::createSoundInternal             :     exinfo->useropen           = 00007FF9AD09D3E0
[LOG] SystemI::createSoundInternal             :     exinfo->userclose          = 00007FF9AD09D3A0
[LOG] SystemI::createSoundInternal             :     exinfo->userread           = 00007FF9AD09D4C0
[LOG] SystemI::createSoundInternal             :     exinfo->userseek           = 00007FF9AD09D580
[LOG] SystemI::createSoundInternal             :     exinfo->fileuserdata       = 000002415C37E7A8
[LOG] SystemI::createSoundInternal             :     exinfo->initialseekpostype = 1
[LOG] SystemI::DSPCodecPoolRegister            :     register codec pool for pool type 4
[LOG] SystemI::createSoundInternal             :     Sample 0/1: name='Woosh-002', format=5, channels=2, frequency=48000, lengthbytes=5888, lengthpcm=21605, pcmblocksize=0, loopstart=0, loopend=0, mode=0x00000000, channelmask=0x00000000, channelorder=0, peakvolume=0.249147.
[LOG] SystemI::createSoundInternal             :     Create name='', mode=0x02000202
[LOG] SystemI::createSoundInternal             :     exinfo->cbsize             = 224
[LOG] SystemI::createSoundInternal             :     exinfo->length             = 21214080
[LOG] SystemI::createSoundInternal             :     exinfo->fileoffset         = 177728
[LOG] SystemI::createSoundInternal             :     exinfo->numsubsounds       = 1
[LOG] SystemI::createSoundInternal             :     Stream 0/1: name='SD_Ambience_03', format=5, channels=2, frequency=48000, lengthbytes=1028032, lengthpcm=3893142, pcmblocksize=0, loopstart=0, loopend=0, mode=0x00000000, channelmask=0x00000000, channelorder=0, peakvolume=0.137039.
[LOG] SystemI::createSoundInternal             :     exinfo->inclusionlist      = 000000C9C5FAF178
[LOG] SystemI::createSoundInternal             :     exinfo->inclusionlistnum   = 1
[LOG] SystemI::createSoundInternal             :     exinfo->suggestedsoundtype = 5
[LOG] SystemI::createSoundInternal             :     exinfo->useropen           = 00007FF9AD09D3E0
[LOG] SystemI::createSoundInternal             :     exinfo->userclose          = 00007FF9AD09D3A0
[LOG] SystemI::createSoundInternal             :     exinfo->userread           = 00007FF9AD09D4C0
[LOG] SystemI::createSoundInternal             :     exinfo->userseek           = 00007FF9AD09D580
[LOG] SystemI::createSoundInternal             :     exinfo->fileuserdata       = 000002415C37E7A8
[LOG] SystemI::createSoundInternal             :     exinfo->initialseekpostype = 1
[LOG] SystemI::DSPCodecPoolRegister            :     register codec pool for pool type 4
[LOG] SystemI::createSoundInternal             :     Sample 0/1: name='Woosh-004', format=5, channels=2, frequency=48000, lengthbytes=6272, lengthpcm=21977, pcmblocksize=0, loopstart=0, loopend=0, mode=0x00000000, channelmask=0x00000000, channelorder=0, peakvolume=0.251189.
[LOG] SystemI::createSoundInternal             :     Create name='', mode=0x02000202
[LOG] SystemI::createSoundInternal             :     exinfo->cbsize             = 224
[LOG] SystemI::createSoundInternal             :     exinfo->length             = 21214080
[LOG] SystemI::createSoundInternal             :     exinfo->fileoffset         = 177728
[LOG] SystemI::createSoundInternal             :     exinfo->numsubsounds       = 1
[LOG] SystemI::createSoundInternal             :     exinfo->inclusionlist      = 000000C9C5FAF178
[LOG] SystemI::createSoundInternal             :     exinfo->inclusionlistnum   = 1
[LOG] SystemI::createSoundInternal             :     exinfo->suggestedsoundtype = 5
[LOG] SystemI::createSoundInternal             :     exinfo->useropen           = 00007FF9AD09D3E0
[LOG] SystemI::createSoundInternal             :     exinfo->userclose          = 00007FF9AD09D3A0
[LOG] SystemI::createSoundInternal             :     exinfo->userread           = 00007FF9AD09D4C0
[LOG] SystemI::createSoundInternal             :     exinfo->userseek           = 00007FF9AD09D580
[LOG] SystemI::createSoundInternal             :     exinfo->fileuserdata       = 000002415C37E7A8
[LOG] SystemI::createSoundInternal             :     exinfo->initialseekpostype = 1
[LOG] SystemI::DSPCodecPoolRegister            :     register codec pool for pool type 4
[LOG] SystemI::createSoundInternal             :     Sample 0/1: name='Woosh-001', format=5, channels=2, frequency=48000, lengthbytes=5504, lengthpcm=19743, pcmblocksize=0, loopstart=0, loopend=0, mode=0x00000000, channelmask=0x00000000, channelorder=0, peakvolume=0.251189.
[LOG] SystemI::createSoundInternal             :     Create name='', mode=0x02000202
[LOG] SystemI::createSoundInternal             :     exinfo->cbsize             = 224
[LOG] SystemI::createSoundInternal             :     exinfo->length             = 21214080
[LOG] SystemI::createSoundInternal             :     exinfo->fileoffset         = 177728
[LOG] SystemI::createSoundInternal             :     exinfo->numsubsounds       = 1
[LOG] SystemI::createSoundInternal             :     exinfo->inclusionlist      = 000000C9C5FAF178
[LOG] SystemI::createSoundInternal             :     exinfo->inclusionlistnum   = 1
[LOG] SystemI::createSoundInternal             :     exinfo->suggestedsoundtype = 5
[LOG] SystemI::createSoundInternal             :     exinfo->useropen           = 00007FF9AD09D3E0
[LOG] SystemI::createSoundInternal             :     exinfo->userclose          = 00007FF9AD09D3A0
[LOG] SystemI::createSoundInternal             :     exinfo->userread           = 00007FF9AD09D4C0
[LOG] SystemI::createSoundInternal             :     exinfo->userseek           = 00007FF9AD09D580
[LOG] SystemI::createSoundInternal             :     exinfo->fileuserdata       = 000002415C37E7A8
[LOG] SystemI::createSoundInternal             :     exinfo->initialseekpostype = 1
[LOG] SystemI::DSPCodecPoolRegister            :     register codec pool for pool type 4
[LOG] SystemI::createSoundInternal             :     Sample 0/1: name='Woosh-003', format=5, channels=2, frequency=48000, lengthbytes=6688, lengthpcm=23840, pcmblocksize=0, loopstart=0, loopend=0, mode=0x00000000, channelmask=0x00000000, channelorder=0, peakvolume=0.247595.
[LOG] AsyncThread::threadFunc                  : Finished Asynchronous operation on sound 00000243B5F93B48
[LOG] AsyncThread::threadFunc                  : Starting Asynchronous operation on sound 00000243B5F93CD8
[LOG] SystemI::createSoundInternal             :     Create name='Assets/_Core/Sounds/MoonlitMixes_AudioSystem/Build/Desktop/SFX.bank', mode=0x02010082
[LOG] SystemI::createSoundInternal             :     exinfo->cbsize             = 224
[LOG] SystemI::createSoundInternal             :     exinfo->length             = 21214080
[LOG] SystemI::createSoundInternal             :     exinfo->fileoffset         = 177728
[LOG] SystemI::createSoundInternal             :     exinfo->numsubsounds       = 1
[LOG] SystemI::createSoundInternal             :     exinfo->inclusionlist      = 000002431D329E68
[LOG] SystemI::createSoundInternal             :     exinfo->inclusionlistnum   = 1
[LOG] SystemI::createSoundInternal             :     exinfo->suggestedsoundtype = 5
[LOG] SystemI::createSoundInternal             :     exinfo->initialseekpostype = 1
[LOG] SystemI::createSoundInternal             :     Stream 0/1: name='wind_exterior', format=5, channels=2, frequency=48000, lengthbytes=1458304, lengthpcm=5138650, pcmblocksize=0, loopstart=0, loopend=0, mode=0x00000000, channelmask=0x00000000, channelorder=0, peakvolume=0.858141.
[LOG] AsyncThread::threadFunc                  : Finished Asynchronous operation on sound 00000243B5F93CD8
[LOG] AsyncThread::add                         : add sound to async queue : soundi = 00000243F98FD148, queue head = 000002434A47D558, queue count = 0
[LOG] AsyncThread::threadFunc                  : Starting Asynchronous operation on sound 00000243F98FD148
[LOG] AsyncThread::threadFunc                  : Finished Asynchronous operation on sound 00000243F98FD148
[LOG] SoundI::release                          : SD_Ambience_03 (000002415DCC9B68)
[LOG] SoundI::release                          :     SD_Ambience_03 (0000024406FB7CD8)
[LOG] SoundI::release                          :     SD_Ambience_03 (00000243F98FA718)
[LOG] SystemI::createSoundInternal             : Create name='', mode=0x02000202
[LOG] SystemI::createSoundInternal             : exinfo->cbsize             = 224
[LOG] SystemI::createSoundInternal             : exinfo->length             = 21214080
[LOG] SystemI::createSoundInternal             : exinfo->fileoffset         = 177728
[LOG] SystemI::createSoundInternal             : exinfo->numsubsounds       = 1
[LOG] SystemI::createSoundInternal             : exinfo->inclusionlist      = 000000C9C5FAF178
[LOG] SystemI::createSoundInternal             : exinfo->inclusionlistnum   = 1
[LOG] SystemI::createSoundInternal             : exinfo->suggestedsoundtype = 5
[LOG] SystemI::createSoundInternal             : exinfo->useropen           = 00007FF9AD09D3E0
[LOG] SystemI::createSoundInternal             : exinfo->userclose          = 00007FF9AD09D3A0
[LOG] SystemI::createSoundInternal             : exinfo->userread           = 00007FF9AD09D4C0
[LOG] SystemI::createSoundInternal             : exinfo->userseek           = 00007FF9AD09D580
[LOG] SystemI::createSoundInternal             : exinfo->fileuserdata       = 000002415C382378
[LOG] SystemI::createSoundInternal             : exinfo->initialseekpostype = 1
[LOG] SystemI::DSPCodecPoolRegister            : register codec pool for pool type 4
[LOG] SystemI::createSoundInternal             : Sample 0/1: name='ToolImpactStaff-007', format=5, channels=2, frequency=48000, lengthbytes=5504, lengthpcm=25092, pcmblocksize=0, loopstart=0, loopend=0, mode=0x00000000, channelmask=0x00000000, channelorder=0, peakvolume=0.251189.
[LOG] SystemI::createSoundInternal             : Create name='', mode=0x02000202
[LOG] SystemI::createSoundInternal             : exinfo->cbsize             = 224
[LOG] SystemI::createSoundInternal             : exinfo->length             = 21214080
[LOG] SystemI::createSoundInternal             : exinfo->fileoffset         = 177728
[LOG] SystemI::createSoundInternal             : exinfo->numsubsounds       = 1
[LOG] SystemI::createSoundInternal             : exinfo->inclusionlist      = 000000C9C5FAF178
[LOG] SystemI::createSoundInternal             : exinfo->inclusionlistnum   = 1
[LOG] SystemI::createSoundInternal             : exinfo->suggestedsoundtype = 5
[LOG] SystemI::createSoundInternal             : exinfo->useropen           = 00007FF9AD09D3E0
[LOG] SystemI::createSoundInternal             : exinfo->userclose          = 00007FF9AD09D3A0
[LOG] SystemI::createSoundInternal             : exinfo->userread           = 00007FF9AD09D4C0
[LOG] SystemI::createSoundInternal             : exinfo->userseek           = 00007FF9AD09D580
[LOG] SystemI::createSoundInternal             : exinfo->fileuserdata       = 000002415C382378
[LOG] SystemI::createSoundInternal             : exinfo->initialseekpostype = 1
[LOG] SystemI::DSPCodecPoolRegister            : register codec pool for pool type 4
[LOG] SystemI::createSoundInternal             : Sample 0/1: name='ToolImpactStaff-010', format=5, channels=2, frequency=48000, lengthbytes=5024, lengthpcm=24709, pcmblocksize=0, loopstart=0, loopend=0, mode=0x00000000, channelmask=0x00000000, channelorder=0, peakvolume=0.250688.
[LOG] SystemI::createSoundInternal             : Create name='', mode=0x02000202
[LOG] SystemI::createSoundInternal             : exinfo->cbsize             = 224
[LOG] SystemI::createSoundInternal             : exinfo->length             = 21214080
[LOG] SystemI::createSoundInternal             : exinfo->fileoffset         = 177728
[LOG] SystemI::createSoundInternal             : exinfo->numsubsounds       = 1
[LOG] SystemI::createSoundInternal             : exinfo->inclusionlist      = 000000C9C5FAF178
[LOG] SystemI::createSoundInternal             : exinfo->inclusionlistnum   = 1
[LOG] SystemI::createSoundInternal             : exinfo->suggestedsoundtype = 5
[LOG] SystemI::createSoundInternal             : exinfo->useropen           = 00007FF9AD09D3E0
[LOG] SystemI::createSoundInternal             : exinfo->userclose          = 00007FF9AD09D3A0
[LOG] SystemI::createSoundInternal             : exinfo->userread           = 00007FF9AD09D4C0
[LOG] SystemI::createSoundInternal             : exinfo->userseek           = 00007FF9AD09D580
[LOG] SystemI::createSoundInternal             : exinfo->fileuserdata       = 000002415C382378
[LOG] SystemI::createSoundInternal             : exinfo->initialseekpostype = 1
[LOG] SystemI::DSPCodecPoolRegister            : register codec pool for pool type 4
[LOG] SystemI::createSoundInternal             : Sample 0/1: name='ToolImpactStaff-009', format=5, channels=2, frequency=48000, lengthbytes=5312, lengthpcm=22877, pcmblocksize=0, loopstart=0, loopend=0, mode=0x00000000, channelmask=0x00000000, channelorder=0, peakvolume=0.245209.
[LOG] SystemI::createSoundInternal             : Create name='', mode=0x02000202
[LOG] SystemI::createSoundInternal             : exinfo->cbsize             = 224
[LOG] SystemI::createSoundInternal             : exinfo->length             = 21214080
[LOG] SystemI::createSoundInternal             : exinfo->fileoffset         = 177728
[LOG] SystemI::createSoundInternal             : exinfo->numsubsounds       = 1
[LOG] SystemI::createSoundInternal             : exinfo->inclusionlist      = 000000C9C5FAF178
[LOG] SystemI::createSoundInternal             : exinfo->inclusionlistnum   = 1
[LOG] SystemI::createSoundInternal             : exinfo->suggestedsoundtype = 5
[LOG] SystemI::createSoundInternal             : exinfo->useropen           = 00007FF9AD09D3E0
[LOG] SystemI::createSoundInternal             : exinfo->userclose          = 00007FF9AD09D3A0
[LOG] SystemI::createSoundInternal             : exinfo->userread           = 00007FF9AD09D4C0
[LOG] SystemI::createSoundInternal             : exinfo->userseek           = 00007FF9AD09D580
[LOG] SystemI::createSoundInternal             : exinfo->fileuserdata       = 000002415C382378
[LOG] SystemI::createSoundInternal             : exinfo->initialseekpostype = 1
[LOG] SystemI::DSPCodecPoolRegister            : register codec pool for pool type 4
[LOG] SystemI::createSoundInternal             : Sample 0/1: name='ToolImpactStaff-008', format=5, channels=2, frequency=48000, lengthbytes=5152, lengthpcm=26568, pcmblocksize=0, loopstart=0, loopend=0, mode=0x00000000, channelmask=0x00000000, channelorder=0, peakvolume=0.239596.
[LOG] SystemI::createSoundInternal             : Create name='', mode=0x02000202
[LOG] SystemI::createSoundInternal             : exinfo->cbsize             = 224
[LOG] SystemI::createSoundInternal             : exinfo->length             = 21214080
[LOG] SystemI::createSoundInternal             : exinfo->fileoffset         = 177728
[LOG] SystemI::createSoundInternal             : exinfo->numsubsounds       = 1
[LOG] SystemI::createSoundInternal             : exinfo->inclusionlist      = 000000C9C5FAF178
[LOG] SystemI::createSoundInternal             : exinfo->inclusionlistnum   = 1
[LOG] SystemI::createSoundInternal             : exinfo->suggestedsoundtype = 5
[LOG] SystemI::createSoundInternal             : exinfo->useropen           = 00007FF9AD09D3E0
[LOG] SystemI::createSoundInternal             : exinfo->userclose          = 00007FF9AD09D3A0
[LOG] SystemI::createSoundInternal             : exinfo->userread           = 00007FF9AD09D4C0
[LOG] SystemI::createSoundInternal             : exinfo->userseek           = 00007FF9AD09D580
[LOG] SystemI::createSoundInternal             : exinfo->fileuserdata       = 000002415C382378
[LOG] SystemI::createSoundInternal             : exinfo->initialseekpostype = 1
[LOG] SystemI::DSPCodecPoolRegister            : register codec pool for pool type 4
[LOG] SystemI::createSoundInternal             : Sample 0/1: name='ToolImpactStaff-006', format=5, channels=2, frequency=48000, lengthbytes=5216, lengthpcm=25830, pcmblocksize=0, loopstart=0, loopend=0, mode=0x00000000, channelmask=0x00000000, channelorder=0, peakvolume=0.242278.
[LOG] SystemI::createSoundInternal             : Create name='', mode=0x02000202
[LOG] SystemI::createSoundInternal             : exinfo->cbsize             = 224
[LOG] SystemI::createSoundInternal             : exinfo->length             = 21214080
[LOG] SystemI::createSoundInternal             : exinfo->fileoffset         = 177728
[LOG] SystemI::createSoundInternal             : exinfo->numsubsounds       = 1
[LOG] SystemI::createSoundInternal             : exinfo->inclusionlist      = 000000C9C5FAF178
[LOG] SystemI::createSoundInternal             : exinfo->inclusionlistnum   = 1
[LOG] SystemI::createSoundInternal             : exinfo->suggestedsoundtype = 5
[LOG] SystemI::createSoundInternal             : exinfo->useropen           = 00007FF9AD09D3E0
[LOG] SystemI::createSoundInternal             : exinfo->userclose          = 00007FF9AD09D3A0
[LOG] SystemI::createSoundInternal             : exinfo->userread           = 00007FF9AD09D4C0
[LOG] SystemI::createSoundInternal             : exinfo->userseek           = 00007FF9AD09D580
[LOG] SystemI::createSoundInternal             : exinfo->fileuserdata       = 000002415C382378
[LOG] SystemI::createSoundInternal             : exinfo->initialseekpostype = 1
[LOG] SystemI::DSPCodecPoolRegister            : register codec pool for pool type 4
[LOG] SystemI::createSoundInternal             : Sample 0/1: name='ToolImpactStaff-001', format=5, channels=2, frequency=48000, lengthbytes=4960, lengthpcm=25830, pcmblocksize=0, loopstart=0, loopend=0, mode=0x00000000, channelmask=0x00000000, channelorder=0, peakvolume=0.249902.
[LOG] SystemI::createSoundInternal             : Create name='', mode=0x02000202
[LOG] SystemI::createSoundInternal             : exinfo->cbsize             = 224
[LOG] SystemI::createSoundInternal             : exinfo->length             = 21214080
[LOG] SystemI::createSoundInternal             : exinfo->fileoffset         = 177728
[LOG] SystemI::createSoundInternal             : exinfo->numsubsounds       = 1
[LOG] SystemI::createSoundInternal             : exinfo->inclusionlist      = 000000C9C5FAF178
[LOG] SystemI::createSoundInternal             : exinfo->inclusionlistnum   = 1
[LOG] SystemI::createSoundInternal             : exinfo->suggestedsoundtype = 5
[LOG] SystemI::createSoundInternal             : exinfo->useropen           = 00007FF9AD09D3E0
[LOG] SystemI::createSoundInternal             : exinfo->userclose          = 00007FF9AD09D3A0
[LOG] SystemI::createSoundInternal             : exinfo->userread           = 00007FF9AD09D4C0
[LOG] SystemI::createSoundInternal             : exinfo->userseek           = 00007FF9AD09D580
[LOG] SystemI::createSoundInternal             : exinfo->fileuserdata       = 000002415C382378
[LOG] SystemI::createSoundInternal             : exinfo->initialseekpostype = 1
[LOG] SystemI::DSPCodecPoolRegister            : register codec pool for pool type 4
[LOG] SystemI::createSoundInternal             : Sample 0/1: name='ToolImpactStaff-005', format=5, channels=2, frequency=48000, lengthbytes=4928, lengthpcm=23615, pcmblocksize=0, loopstart=0, loopend=0, mode=0x00000000, channelmask=0x00000000, channelorder=0, peakvolume=0.251189.
[LOG] SystemI::createSoundInternal             : Create name='', mode=0x02000202
[LOG] SystemI::createSoundInternal             : exinfo->cbsize             = 224
[LOG] SystemI::createSoundInternal             : exinfo->length             = 21214080
[LOG] SystemI::createSoundInternal             : exinfo->fileoffset         = 177728
[LOG] SystemI::createSoundInternal             : exinfo->numsubsounds       = 1
[LOG] SystemI::createSoundInternal             : exinfo->inclusionlist      = 000000C9C5FAF178
[LOG] SystemI::createSoundInternal             : exinfo->inclusionlistnum   = 1
[LOG] SystemI::createSoundInternal             : exinfo->suggestedsoundtype = 5
[LOG] SystemI::createSoundInternal             : exinfo->useropen           = 00007FF9AD09D3E0
[LOG] SystemI::createSoundInternal             : exinfo->userclose          = 00007FF9AD09D3A0
[LOG] SystemI::createSoundInternal             : exinfo->userread           = 00007FF9AD09D4C0
[LOG] SystemI::createSoundInternal             : exinfo->userseek           = 00007FF9AD09D580
[LOG] SystemI::createSoundInternal             : exinfo->fileuserdata       = 000002415C382378
[LOG] SystemI::createSoundInternal             : exinfo->initialseekpostype = 1
[LOG] SystemI::DSPCodecPoolRegister            : register codec pool for pool type 4
[LOG] SystemI::createSoundInternal             : Sample 0/1: name='ToolImpactStaff-002', format=5, channels=2, frequency=48000, lengthbytes=5024, lengthpcm=22877, pcmblocksize=0, loopstart=0, loopend=0, mode=0x00000000, channelmask=0x00000000, channelorder=0, peakvolume=0.250166.
[LOG] SystemI::createSoundInternal             : Create name='', mode=0x02000202
[LOG] SystemI::createSoundInternal             : exinfo->cbsize             = 224
[LOG] SystemI::createSoundInternal             : exinfo->length             = 21214080
[LOG] SystemI::createSoundInternal             : exinfo->fileoffset         = 177728
[LOG] SystemI::createSoundInternal             : exinfo->numsubsounds       = 1
[LOG] SystemI::createSoundInternal             : exinfo->inclusionlist      = 000000C9C5FAF178
[LOG] SystemI::createSoundInternal             : exinfo->inclusionlistnum   = 1
[LOG] SystemI::createSoundInternal             : exinfo->suggestedsoundtype = 5
[LOG] SystemI::createSoundInternal             : exinfo->useropen           = 00007FF9AD09D3E0
[LOG] SystemI::createSoundInternal             : exinfo->userclose          = 00007FF9AD09D3A0
[LOG] SystemI::createSoundInternal             : exinfo->userread           = 00007FF9AD09D4C0
[LOG] SystemI::createSoundInternal             : exinfo->userseek           = 00007FF9AD09D580
[LOG] SystemI::createSoundInternal             : exinfo->fileuserdata       = 000002415C382378
[LOG] SystemI::createSoundInternal             : exinfo->initialseekpostype = 1
[LOG] SystemI::DSPCodecPoolRegister            : register codec pool for pool type 4
[LOG] SystemI::createSoundInternal             : Sample 0/1: name='ToolImpactStaff-003', format=5, channels=2, frequency=48000, lengthbytes=4928, lengthpcm=24354, pcmblocksize=0, loopstart=0, loopend=0, mode=0x00000000, channelmask=0x00000000, channelorder=0, peakvolume=0.251189.
[LOG] SoundI::release                          :  (0000024158F339A8)
[LOG] SoundI::release                          :     Woosh-001 (0000024272B12078)
[LOG] SoundI::release                          :  (0000024158F336E8)
[LOG] SoundI::release                          :     Woosh-002 (0000024272B139F8)
[LOG] SoundI::release                          :  (0000024158F2FE88)
[LOG] SoundI::release                          :     Woosh-003 (0000024272B12378)
[LOG] SoundI::release                          :  (0000024158F33848)
[LOG] SoundI::release                          :     Woosh-004 (0000024272B12978)
[LOG] SoundI::release                          :  (0000024158F2F7A8)
[LOG] SoundI::release                          :     FootstepsForest-001 (0000024321005C48)
[LOG] SoundI::release                          :  (0000024158F318A8)
[LOG] SoundI::release                          :     FootstepsForest-002 (0000024272B13B78)
[LOG] SoundI::release                          :  (0000024158F31CC8)
[LOG] SoundI::release                          :     FootstepsForest-003 (0000024272B13878)
[LOG] SoundI::release                          :  (0000024158F33588)
[LOG] SoundI::release                          :     FootstepsForest-004 (0000024272B133F8)
[LOG] SoundI::release                          :  (0000024158F2F4E8)
[LOG] SoundI::release                          :     FootstepsForest-005 (0000024272B127F8)
[LOG] SoundI::release                          :  (0000024158F32928)
[LOG] SoundI::release                          :     FootstepsForest-006 (0000024321006548)
[LOG] SoundI::release                          :  (0000024158F2F388)
[LOG] SoundI::release                          :     FootstepsForest-007 (0000024321000B48)
[LOG] SoundI::release                          :  (0000024158F306C8)
[LOG] SoundI::release                          :     FootstepsForest-008 (0000024272B136F8)
[LOG] SoundI::release                          :  (0000024158F33008)
[LOG] SoundI::release                          :     FootstepsForest-009 (0000024321001BC8)
[LOG] SoundI::release                          :  (0000024160B26368)
[LOG] SoundI::release                          :     FootstepsForest-010 (0000024321001448)
[LOG] SoundI::release                          :  (0000023FB0AFD8E8)
[LOG] SoundI::release                          :     FootstepsForest-011 (0000024218F041F8)
[LOG] SoundI::release                          :  (0000024304D71A18)
[LOG] SoundI::release                          :     FootstepsForest-012 (0000024218F056F8)
[LOG] SoundI::release                          :  (0000023FB0AFDE68)
[LOG] SoundI::release                          :     FootstepsForest-013 (0000024218F044F8)
[LOG] SoundI::release                          :  (0000023FB0AFD788)
[LOG] SoundI::release                          :     B01 S01DS - 01-59 - Full 01 (0000024218F03A78)
[LOG] SoundI::release                          :  (0000024304D71E38)
[LOG] SoundI::release                          :     B01 S01DS - 01-59 - Full 02 (0000024321007A48)
[LOG] SoundI::release                          :  (00000243FA61E698)
[LOG] SoundI::release                          :     B01 S01DS - 01-59 - Full 03 (0000024321003548)
[LOG] SoundI::release                          :  (000002415C32FE58)
[LOG] SoundI::release                          :     B01 S01DS - 01-59 - Full 04 (00000243210045C8)
[LOG] SoundI::release                          :  (0000023FB0AFDA48)
[LOG] SoundI::release                          :     B01 S01DS - 01-59 - Full 05 (0000024218F04378)
[LOG] SoundI::release                          :  (000002415C32F618)
[LOG] SoundI::release                          :     B01 S01DS - 01-59 - Full 06 (0000024321003CC8)
[LOG] SoundI::release                          :  (0000023FB0AFDD08)
[LOG] SoundI::release                          :     B01 S01DS - 01-59 - Full 07 (0000024218F05578)
[LOG] SoundI::release                          :  (00000243FA61ED78)
[LOG] SoundI::release                          :     B01 S01DS - 01-59 - Full 08 (00000243210030C8)
[LOG] SoundI::release                          :  (0000023FB0AFD628)
[LOG] SoundI::release                          :     B01 S01DS - 01-59 - Full 09 (0000024218F047F8)
[LOG] SoundI::release                          :  (000002415C32FFB8)
[LOG] SoundI::release                          :     B01 S01DS - 01-59 - Full 10 (00000243210060C8)
[LOG] SoundI::release                          :  (0000023FB0AFD208)
[LOG] SoundI::release                          :     B01 S01DS - 01-59 - Full 11 (0000024218F04978)
[LOG] SoundI::release                          :  (0000024160B26788)
[LOG] SoundI::release                          :     B01 S01DS - 01-59 - Full 12 (0000024320FFDB48)
[LOG] SoundI::release                          :  (00000243FA61EED8)
[LOG] SoundI::release                          :     B01 S01DS - 01-59 - Full 13 (0000024321002C48)
[LOG] SoundI::release                          :  (0000024304D71CD8)
[LOG] SoundI::release                          :     B01 S01DS - 01-59 - Full 14 (0000024218F03D78)
[LOG] SoundI::release                          :  (0000024304D715F8)
[LOG] SoundI::release                          :     B01 S01DS - 01-59 - Full 15 (0000024218F053F8)
[LOG] SoundI::release                          :  (000002431D329648)
[LOG] SoundI::release                          :     B01 S01DS - 01-59 - Full 16 (00000243210057C8)
[LOG] SoundI::release                          :  (0000023FFED75728)
[LOG] SoundI::release                          :     B01 S01DS - 01-59 - Full 17 (0000023FB136F778)
[LOG] SoundI::release                          :  (000002431B18FB78)
[LOG] SoundI::release                          :     B01 S01DS - 01-59 - Full 18 (0000023FB1370AF8)
[LOG] SoundI::release                          :  (0000024160B26A48)
[LOG] SoundI::release                          :     BO01 CC01D S - 01-59 - Full 01 (00000243210069C8)
[LOG] SoundI::release                          :  (0000024304D71338)
[LOG] SoundI::release                          :     BO01 CC01D S - 01-59 - Full 02 (00000243210039C8)
[LOG] SoundI::release                          :  (000002415C330278)
[LOG] SoundI::release                          :     BO01 CC01D S - 01-59 - Full 03 (0000024321000848)
[LOG] SoundI::release                          :  (000002431D3294E8)
[LOG] SoundI::release                          :     BO01 CC01D S - 01-59 - Full 04 (0000024321004EC8)
[LOG] SoundI::release                          :  (000002431D3297A8)
[LOG] SoundI::release                          :     BO01 CC01D S - 01-59 - Full 05 (0000023FB1370C78)
[LOG] SoundI::release                          :  (00000243FA61E3D8)
[LOG] SoundI::release                          :     BO01 CC01D S - 01-59 - Full 06 (0000023FB4BC2548)
[LOG] SoundI::release                          :  (000002415C32F778)
[LOG] SoundI::release                          :     BO01 CC01D S - 01-59 - Full 07 (0000024320FFFDC8)
[LOG] SoundI::release                          :  (00000243FA61EC18)
[LOG] SoundI::release                          :     BO01 CC01D S - 01-59 - Full 08 (0000023FB4BBFE48)
[LOG] SoundI::release                          :  (0000024160B264C8)
[LOG] SoundI::release                          :     BO01 CC01D S - 01-59 - Full 09 (0000024320FFF048)
[LOG] SoundI::release                          :  (000002431B18FA18)
[LOG] SoundI::release                          :     BO01 CC01D S - 01-59 - Full 10 (0000023FB1370678)
[LOG] SoundI::release                          :  (0000024160B25F48)
[LOG] SoundI::release                          :     BO01 CC01D S - 01-59 - Full 11 (0000024321006CC8)
[LOG] SoundI::release                          :  (0000024304D71498)
[LOG] SoundI::release                          :     BO01 CC01D S - 01-59 - Full 12 (0000023FB4BC0EC8)
[LOG] SoundI::release                          :  (000002431D578D98)
[LOG] SoundI::release                          :     BO01 CC01D S - 01-59 - Full 13 (0000023FB136ECF8)
[LOG] SoundI::release                          :  (00000243FA61E278)
[LOG] SoundI::release                          :     BO01 CC01D S - 01-59 - Full 14 (0000023FB4BC1F48)
[LOG] SoundI::release                          :  (0000024160B26628)
[LOG] SoundI::release                          :     BO01 CC01D S - 01-59 - Full 15 (0000024320FFFC48)
[LOG] SoundI::release                          :  (000002415C32FA38)
[LOG] SoundI::release                          :     BO01 CC01D S - 01-59 - Full 16 (00000243210015C8)
[LOG] SoundI::release                          :  (00000243FA61EAB8)
[LOG] SoundI::release                          :     BO01 CC01D S - 01-59 - Full 17 (0000023FB4BC0A48)
[LOG] SoundI::release                          : crow_distressed (0000023FAF70FC38)
[LOG] SoundI::release                          :     crow_distressed (0000024320FFE148)
[LOG] SoundI::release                          :     crow_distressed (0000024162788A58)
[LOG] SoundI::release                          :  (00000243FA61E538)
[LOG] SoundI::release                          :     BO01 CC01D S - 01-59 - Full 18 (0000023FB4BBFCC8)
[LOG] SoundI::release                          :  (000002431D329A68)
[LOG] SoundI::release                          :     BO01 WP01DS - 01-59 - Full 01 (0000023FB136D4F8)
[LOG] SoundI::release                          :  (000002431D329FE8)
[LOG] SoundI::release                          :     BO01 WP01DS - 01-59 - Full 02 (0000024321005648)
[LOG] SoundI::release                          :  (000002431D329E88)
[LOG] SoundI::release                          :     BO01 WP01DS - 01-59 - Full 03 (0000024321005048)
[LOG] SoundI::release                          :  (000002415C330118)
[LOG] SoundI::release                          :     BO01 WP01DS - 01-59 - Full 04 (0000024321001D48)
[LOG] SoundI::release                          :  (0000024304D71B78)
[LOG] SoundI::release                          :     BO01 WP01DS - 01-59 - Full 05 (0000023FB4BC0748)
[LOG] SoundI::release                          :  (000002431D329BC8)
[LOG] SoundI::release                          :     BO01 WP01DS - 01-59 - Full 06 (0000024321005F48)
[LOG] SoundI::release                          :  (0000024304D711D8)
[LOG] SoundI::release                          :     BO01 WP01DS - 01-59 - Full 07 (0000024321002DC8)
[LOG] SoundI::release                          :  (0000023FB10E7548)
[LOG] SoundI::release                          :     BO01 WP01DS - 01-59 - Full 08 (0000023FB136FEF8)
[LOG] SoundI::release                          :  (0000024304D718B8)
[LOG] SoundI::release                          :     BO01 WP01DS - 01-59 - Full 09 (0000023FB4BC32C8)
[LOG] SoundI::release                          :  (0000024160B25C88)
[LOG] SoundI::release                          :     BO01 WP01DS - 01-59 - Full 10 (0000024321006848)
[LOG] SoundI::release                          :  (0000024160B25DE8)
[LOG] SoundI::release                          :     BO01 WP01DS - 01-59 - Full 11 (0000024321006FC8)
[LOG] SoundI::release                          :  (0000024160B26208)
[LOG] SoundI::release                          :     BO01 WP01DS - 01-59 - Full 12 (0000024320FFEBC8)
[LOG] SoundI::release                          :  (00000243FA61E958)
[LOG] SoundI::release                          :     BO01 WP01DS - 01-59 - Full 13 (0000023FB4BC08C8)
[LOG] SoundI::release                          :  (00000243FA61E118)
[LOG] SoundI::release                          :     BO01 WP01DS - 01-59 - Full 14 (0000023FB4BC1AC8)
[LOG] SoundI::release                          :  (000002415C32F4B8)
[LOG] SoundI::release                          :     BO01 WP01DS - 01-59 - Full 15 (00000243210006C8)
[LOG] SoundI::release                          :  (000002415C32FB98)
[LOG] SoundI::release                          :     BO01 WP01DS - 01-59 - Full 16 (0000024320FFDCC8)
[LOG] SoundI::release                          : Discovery (explo) boucle finale (000002434A47BFB8)
[LOG] SoundI::release                          :     Discovery (explo) boucle finale (0000024406FB64D8)
[LOG] SoundI::release                          :     Discovery (explo) boucle finale (00000243F98FC338)
[LOG] SoundI::release                          : wind (0000023FAF70D9D8)
[LOG] SoundI::release                          :     wind (0000024318D416F8)
[LOG] SoundI::release                          :     wind (00000243FA180D88)
[LOG] SoundI::release                          : wind_exterior (00000243B5F93CD8)
[LOG] SoundI::release                          :     wind_exterior (0000024272B121F8)
[LOG] SoundI::release                          :     wind_exterior (00000243F98FD148)
[LOG] SoundI::release                          : SD_Ambience_03 (00000243B5F93B48)
[LOG] SoundI::release                          :     SD_Ambience_03 (0000024272B11EF8)
[LOG] SoundI::release                          :     SD_Ambience_03 (00000243F98FAA38)
[LOG] SoundI::release                          : wind_exterior (000002415DCCAC98)
[LOG] SoundI::release                          :     wind_exterior (0000024406FB7E58)
[LOG] SoundI::release                          :     wind_exterior (00000243F98FA588)
[LOG] SoundI::release                          :  (0000024158F341E8)
[LOG] SoundI::release                          :     ToolImpactStaff-001 (0000023FB4BC2B48)
[LOG] SoundI::release                          :  (0000024158F30148)
[LOG] SoundI::release                          :     ToolImpactStaff-002 (0000023FB4BC2248)
[LOG] SoundI::release                          :  (0000024158F34348)
[LOG] SoundI::release                          :     ToolImpactStaff-003 (0000023FB4BC1948)
[LOG] SoundI::release                          :  (0000024158F34088)
[LOG] SoundI::release                          :     ToolImpactStaff-005 (0000023FB4BC0D48)
[LOG] SoundI::release                          :  (0000024158F33F28)
[LOG] SoundI::release                          :     ToolImpactStaff-006 (0000023FB4BC2848)
[LOG] SoundI::release                          :  (0000024158F2F908)
[LOG] SoundI::release                          :     ToolImpactStaff-007 (0000024272B124F8)
[LOG] SoundI::release                          :  (0000024158F33DC8)
[LOG] SoundI::release                          :     ToolImpactStaff-008 (0000023FB4BC0448)
[LOG] SoundI::release                          :  (0000024158F33C68)
[LOG] SoundI::release                          :     ToolImpactStaff-009 (0000023FB4BC26C8)
[LOG] SoundI::release                          :  (0000024158F33B08)
[LOG] SoundI::release                          :     ToolImpactStaff-010 (0000024272B12C78)
[LOG] SoundI::release                          :  (0000024320A12098)
[LOG] SoundI::release                          :     FoxSound-001 (0000023FB1370378)
[LOG] SoundI::release                          :  (0000024320A12358)
[LOG] SoundI::release                          :     FoxSound-002 (0000024406FABFD8)
[LOG] SoundI::release                          :  (0000024272AFABE8)
[LOG] SoundI::release                          :     FoxSound-003 (0000023FB136E278)
[LOG] SoundI::release                          :  (0000024320A121F8)
[LOG] SoundI::release                          :     FoxSound-004 (0000023FB136E0F8)
[LOG] SoundI::release                          :  (0000024320A12778)
[LOG] SoundI::release                          :     FoxSound-005 (0000023FB136DAF8)
[LOG] SoundI::release                          :  (0000024320A12E58)
[LOG] SoundI::release                          :     FoxSound-006 (0000023FB136E878)
[LOG] SoundI::release                          :  (0000024272AFA3A8)
[LOG] SoundI::release                          :     FoxSound-007 (0000023FB136E3F8)
[LOG] SoundI::release                          :  (0000024320A12B98)
[LOG] SoundI::release                          :     FoxSound-008 (0000023FB136FD78)
[LOG] SoundI::release                          :  (0000024320A12618)
[LOG] SoundI::release                          :     FoxSound-009 (0000024406FAB858)
[LOG] SoundI::release                          :  (0000023FB0AFD368)
[LOG] SoundI::release                          :     WolfEmote (00000241616A53C8)
[LOG] SoundI::release                          :  (0000023FB10E73E8)
[LOG] SoundI::release                          :     owl (0000024406FB6DD8)
[LOG] Thread::callback                         : FMOD Studio update thread finished.
[LOG] Thread::callback                         : FMOD Studio bank load thread finished.
[LOG] Profile::disconnectAll                   : Profiler disconnecting all clients
[LOG] Thread::callback                         : FMOD Studio sample load thread finished.
[LOG] LiveUpdate::release                      : 
[LOG] LiveUpdate::reset                        : Reset connection (reason Disconnected)
[LOG] Thread::callback                         : FMOD stream thread finished.
[LOG] Thread::callback                         : FMOD mixer thread finished.
[LOG] Profile::disconnectAll                   : Profiler disconnecting all clients
[LOG] SystemI::closeInternal                   : Closed.
